"IMAGE_NAME","DS10","DS20","DS30","DS40","DS50","DS60","DS70","DS80","DS90","cluster_label"
"DSC_7664.JPG",0.915609,1.49497,1.6808,1.68587,1.65474,1.57168,1.33797,0.975614,0.891607,4
"DSC_7730.JPG",1.21572,1.54602,1.73265,1.76406,1.75675,1.66296,1.44005,1.17969,1.22936,4
"DSC_7787.JPG",1.19403,1.49912,1.56235,1.64092,1.70735,1.63974,1.51276,1.52059,1.35183,4
"DSC_7827.JPG",0.856852,1.37372,1.48917,1.42866,1.58331,1.97075,2.14,1.87974,1.40085,0
"DSC_7859.JPG",1.52708,1.85429,1.83107,1.68237,1.44801,1.3913,1.51776,1.47429,0.844074,4
"DSC_7868.JPG",0.888718,1.32603,1.44789,1.33506,1.11419,1.05498,1.22832,1.2341,1.09988,4
"DSC_7913.JPG",0.854979,1.27728,1.36918,1.39515,1.47314,1.51394,1.48835,1.50867,1.22052,4
"DSC_7942.JPG",1.56781,1.59222,1.51077,1.42865,1.50953,1.42176,1.30335,1.2464,1.23338,4
"DSC_8004.JPG",1.5407,1.83559,1.88163,1.90381,2.02036,2.19193,2.09883,1.41833,0.676536,1
"DSC_8008.JPG",1.12038,1.47197,1.79567,2.06822,2.017,1.55868,1.05777,1.09326,1.02305,1
"DSC_7656.JPG",0.995786,1.33318,1.4612,1.57478,1.6555,1.67432,1.56948,1.41982,1.19983,4
"DSC_7710.JPG",1.09493,1.70584,1.97605,2.06471,2.05783,1.96196,1.79217,1.53741,1.24955,1
"DSC_7844.JPG",0.858161,1.32802,1.50575,1.51547,1.59534,1.81419,1.831,1.52085,1.07923,0
"DSC_7845.JPG",0.863443,1.7367,1.96317,2.07079,2.1877,2.15617,1.87272,1.36352,1.19381,1
"DSC_7864.JPG",1.45538,2.04829,2.30467,2.38646,2.02769,1.61835,1.70737,1.9515,1.15155,1
"DSC_7871.JPG",1.28746,1.64539,1.46978,0.870043,1.03702,1.15368,1.16649,1.13167,1.06215,4
"DSC_7874.JPG",1.21992,1.55361,1.43967,1.53517,1.61446,1.42658,1.33492,1.22778,1.22349,4
"DSC_7894.JPG",0.789945,1.62956,1.97107,2.30104,2.52244,2.54694,2.28146,1.47584,0.640449,1
"DSC_7895.JPG",0.8761,2.11886,2.74724,2.92011,2.83406,2.49787,2.03879,1.80959,1.4254,2
"DSC_7902.JPG",0.962177,1.36421,1.58517,1.3358,1.22922,1.81327,2.0581,2.01457,1.68826,0
"DSC_7976.JPG",0.808203,1.11429,1.29517,1.41272,1.49318,1.51234,1.51731,1.51312,1.31484,4
"DSC_8000.JPG",1.09411,1.62387,2.00654,2.31463,2.31683,1.89992,1.46064,1.28428,0.819867,1
"DSC_8034.JPG",0.646958,1.12747,1.65314,1.80921,1.60684,1.11071,0.994394,0.989158,0.93015,4
"DSC_8040.JPG",1.35012,1.34735,1.63971,2.02855,2.06776,1.98542,1.94852,1.72817,1.08001,1
"DSC_7731.JPG",0.939344,1.32704,2.23375,2.56728,2.57453,2.40703,2.22161,1.83307,1.10502,3
"DSC_7732.JPG",1.22105,2.18695,2.57834,2.31745,1.26657,1.22888,1.42019,1.08336,1.07612,1
"DSC_7736.JPG",1.55856,2.0632,2.13967,2.1028,2.02267,1.98531,1.97876,1.86253,1.32918,1
"DSC_7760.JPG",0.680593,1.07431,1.44854,1.6231,1.75746,1.9042,1.97526,1.87782,1.64518,0
"DSC_7761.JPG",0.720027,1.26563,1.61192,1.68143,1.78366,1.95642,1.95014,1.69192,1.30533,0
"DSC_7766.JPG",0.512816,1.37186,1.75075,1.89091,2.02631,2.1712,2.18629,1.89098,1.20339,0
"DSC_7773.JPG",1.7011,2.40131,2.65239,2.48947,2.22023,1.99046,1.86902,1.75059,1.29225,2
"DSC_7778.JPG",0.950973,1.91698,2.34519,2.57167,2.70376,2.84015,2.9613,2.94946,2.37883,3
"DSC_7779.JPG",1.74722,2.15417,1.92437,1.57261,1.37028,1.45575,1.57451,1.58623,0.947039,4
"DSC_7782.JPG",0.752747,1.23274,1.51155,1.6747,1.80722,1.81058,1.71522,1.57985,1.32565,0
"DSC_7795.JPG",0.452371,1.19756,1.47518,1.67759,1.69678,1.62632,1.62095,1.55548,1.44424,0
"DSC_7798.JPG",0.803732,1.47752,2.10732,2.35786,2.43661,2.26043,1.95787,1.69152,1.35604,3
"DSC_7801.JPG",1.08875,1.51367,1.71034,1.80224,1.82548,1.76938,1.62385,1.42605,1.16263,1
"DSC_7824.JPG",0.872946,1.37161,1.45867,1.56901,1.82091,2.03343,2.16336,2.07225,1.71804,0
"DSC_7834.JPG",0.857593,1.94748,2.30051,2.4748,2.3831,2.35225,2.33999,2.32327,1.88936,3
"DSC_7034.JPG",1.51846,1.95972,2.0843,1.92425,1.58241,1.13275,1.48648,1.65425,1.45742,1
"DSC_7046.JPG",1.10708,1.70332,2.3209,2.53611,2.25935,1.72961,1.62006,1.34635,1.07271,1
"DSC_7052.JPG",0.920763,1.43161,1.79277,2.00151,2.13091,2.25675,2.20271,1.98648,1.36307,3
"DSC_7054.JPG",0.894315,0.848548,1.25364,1.37384,1.30496,1.22345,1.32736,1.33679,1.2977,4
"DSC_7063.JPG",1.19571,1.57515,1.58601,1.68372,1.64433,1.76773,1.96833,1.97728,1.45084,0
"DSC_7093.JPG",0.763567,1.41138,1.78893,1.75263,1.52087,1.4472,1.35588,1.22546,0.883783,4
"DSC_7108.JPG",0.812683,1.35578,2.2392,2.28776,1.81981,1.62002,1.60066,1.09433,0.886555,1
"DSC_7109.JPG",1.03206,1.46216,1.61382,1.66707,1.70031,1.73807,1.76794,1.75379,1.50254,0
"DSC_7114.JPG",1.15527,1.65077,1.95245,2.18346,2.25138,2.17397,1.83425,1.10518,0.725979,1
"DSC_7150.JPG",0.768992,1.93345,2.1849,1.92797,1.68439,1.72175,1.83112,1.60324,0.571719,1
"DSC_7530.JPG",0.691011,1.5708,2.15192,2.39333,2.40347,2.32235,2.33573,2.29127,1.80343,3
"DSC_7029.JPG",1.35053,1.86335,1.90862,1.93135,2.02118,1.96257,1.732,1.49381,1.23864,1
"DSC_7040.JPG",0.74416,1.43966,1.81052,1.98327,1.90231,1.74651,1.5828,1.44994,0.97064,1
"DSC_7055.JPG",1.41593,1.69946,1.71161,1.67503,1.46304,0.929218,1.03521,1.29969,1.1125,4
"DSC_7065.JPG",0.678645,1.47085,1.85437,2.11299,2.37201,2.43474,2.0822,1.0826,1.09008,1
"DSC_7066.JPG",0.92249,1.5586,1.99802,2.2799,2.48747,2.61211,2.69748,2.56447,2.03069,3
"DSC_7117.JPG",0.797381,1.08957,1.68493,2.23066,2.50936,2.50994,2.32248,1.93168,1.46789,3
"DSC_7130.JPG",1.1725,2.16358,2.56333,2.63589,2.4898,2.2615,2.20926,2.39607,2.14364,3
"DSC_7133.JPG",1.76821,3.01556,3.49862,3.63308,3.51064,3.20096,2.75308,2.24726,1.71272,2
"DSC_7144.JPG",1.12198,1.77302,1.99977,1.9913,1.83205,1.65033,1.592,1.60018,1.55572,1
"DSC_7146.JPG",1.08102,1.35404,1.42287,1.28952,1.09454,1.23353,1.30874,1.36801,1.35431,4
"DSC_7147.JPG",1.37737,1.99805,2.14567,2.16413,2.11764,1.97885,2.09971,2.28351,1.9581,3
"DSC_7177.JPG",0.847932,1.53558,1.96458,2.25327,2.28521,2.1776,1.87148,1.56202,1.24245,1
"DSC_7192.JPG",0.714933,1.27674,1.72109,1.85359,1.82104,1.81795,1.77694,1.6497,1.28668,0
"DSC_7051.JPG",1.06555,1.87583,2.45593,2.78819,2.75669,2.47106,1.75409,1.19065,1.00443,2
"DSC_7180.JPG",1.07089,1.40192,1.74064,1.72368,1.57585,1.65103,1.51052,1.22108,1.28964,4
"DSC_7331.JPG",0.912125,1.45431,1.83491,2.02663,1.92003,1.7149,1.77004,1.58968,1.07158,1
"DSC_7342.JPG",1.35739,1.36347,1.01069,1.05938,1.07372,1.70814,1.98325,1.8256,1.29112,4
"DSC_7350.JPG",1.13182,1.28709,1.33485,1.49601,1.5143,1.48109,1.47604,1.42526,1.20947,4
"DSC_7532.JPG",0.878133,1.43763,1.41565,1.21478,1.35613,1.4624,1.66498,1.86022,1.5086,4
"DSC_7541.JPG",0.69613,1.13058,1.3118,1.40828,1.57679,1.7882,1.96439,2.05935,1.72212,0
"DSC_7545.JPG",1.18311,0.949572,1.32792,1.64765,1.68148,1.59064,1.59359,1.46988,1.10853,4
"DSC_7549.JPG",1.08667,1.43839,1.59834,1.68275,1.8409,1.71656,1.37554,1.40318,1.12268,4
"DSC_7666.JPG",0.601558,1.69749,2.4211,2.78315,2.80945,2.62106,2.35735,2.18913,1.66023,3
"DSC_7033.JPG",1.08126,1.86638,2.15248,2.21622,2.30691,2.42685,2.55354,2.52762,2.16084,3
"DSC_7053.JPG",1.26988,1.7105,1.98678,2.14773,2.1056,1.97602,1.8424,1.47737,0.676388,1
"DSC_7067.JPG",1.19402,1.60686,1.78672,2.00045,2.08633,1.98214,1.73933,1.41818,1.10767,1
"DSC_7073.JPG",1.3024,2.13136,2.57194,2.77345,2.81596,2.67554,2.41062,1.99845,1.35717,2
"DSC_7343.JPG",1.17691,1.6575,2.04564,2.10361,1.84218,1.93406,1.92736,1.8456,1.63103,1
"DSC_7515.JPG",1.08004,1.37822,1.40806,1.59502,1.90208,2.03575,1.92544,1.5689,1.31748,0
"DSC_7516.JPG",1.47868,1.7467,1.64771,1.49299,1.36525,1.48986,1.47361,1.56196,1.6328,4
"DSC_7534.JPG",0.998052,1.81798,2.12358,2.33567,2.62475,2.93122,3.2443,3.10197,2.52972,3
"DSC_7096.JPG",1.70328,2.20972,2.28849,2.08164,1.72796,1.4932,1.52647,1.34597,1.13199,1
"DSC_7106.JPG",0.750931,1.28163,1.99436,2.43864,2.63406,2.42072,1.995,1.24033,1.13611,1
"DSC_7149.JPG",1.01738,1.81054,2.03494,2.14485,2.11827,1.7952,1.37708,1.46669,1.0677,1
"DSC_7175.JPG",0.93716,1.45727,1.83141,2.13408,2.34857,2.42617,2.14945,1.56045,0.796637,1
"DSC_7179.JPG",1.12668,1.08165,0.871648,1.00337,1.42245,1.6163,1.60625,1.26491,0.956009,4
"DSC_7188.JPG",1.2911,1.72824,1.93604,2.03122,2.00093,1.85588,1.75389,1.68314,1.42086,1
"DSC_7201.JPG",1.00235,1.59248,1.91708,2.09263,2.1821,2.26603,2.21505,1.94526,1.34779,3
"DSC_7514.JPG",1.03529,1.55941,1.77324,1.9838,2.16293,2.23692,2.27805,2.14376,1.66958,3
"DSC_7517.JPG",1.22599,1.565,1.7431,1.8451,1.82524,1.61472,1.2028,1.14786,1.1273,4
"DSC_7521.JPG",1.2777,1.48261,1.20722,1.04551,1.43604,1.81817,1.98821,1.89653,1.56898,0
"DSC_7529.JPG",0.814568,1.59863,2.28703,2.4854,2.43025,2.01411,1.61721,1.34098,1.22462,1
"DSC_7665.JPG",1.79347,2.46765,2.62159,2.60861,2.43226,2.21251,1.83655,1.09887,0.53755,2
"DSC_7039.JPG",1.1797,1.80048,1.86283,1.63788,1.69003,1.90003,1.90638,1.26367,0.747885,1
"DSC_7047.JPG",1.25886,1.85111,2.29299,2.44906,2.26817,1.93549,1.60722,0.973251,0.337564,1
"DSC_7080.JPG",1.06961,1.89827,2.70779,3.09317,3.17303,3.18437,2.6976,0.636162,1.27399,2
"DSC_7087.JPG",1.67284,2.30975,2.41044,2.32865,1.9322,1.34247,1.13689,1.25351,0.947376,1
"DSC_7094.JPG",0.875228,1.29978,1.53603,1.59819,1.68692,1.96218,2.03884,1.9188,1.55437,0
"DSC_7100.JPG",0.786445,1.37158,1.7405,1.89785,1.94105,1.89674,1.76685,1.59444,1.40886,0
"DSC_7101.JPG",0.933022,1.85793,2.26283,2.14416,1.75471,1.86219,1.76966,1.46265,1.1609,1
"DSC_7141.JPG",1.06398,1.69815,2.03111,2.26825,2.42194,2.29971,1.96576,1.79262,1.53057,3
"DSC_7152.JPG",0.949361,1.17421,1.34473,1.53004,1.74061,1.9195,2.07749,1.99727,1.61062,0
"DSC_7153.JPG",0.674881,1.72512,2.11893,2.23148,2.26736,2.17267,1.9531,1.64923,1.34008,1
"DSC_7199.JPG",1.45678,1.78718,1.81179,1.70093,1.43919,1.12652,1.1563,1.12897,0.739472,4
"DSC_7548.JPG",1.26902,1.63246,1.71531,1.76049,1.75129,1.66094,1.48753,1.21977,0.853741,4
"DSC_3526.JPG",1.18179,1.46334,1.38597,0.87649,0.978519,1.26569,1.5835,1.5567,1.40749,4
"DSC_3529.JPG",1.39842,1.80967,1.80459,1.59881,1.82752,2.18889,1.81373,1.01237,0.848415,1
"DSC_3530.JPG",1.04932,1.47661,1.79643,1.56344,1.202,1.25512,1.13843,1.62106,1.6929,4
"DSC_3532.JPG",0.845998,0.796119,1.25063,1.69451,1.88615,2.10568,1.96142,1.50786,1.40641,0
"DSC_3541.JPG",1.31615,0.94267,0.456763,1.17044,1.51218,1.69171,1.75519,1.78702,1.50294,0
"DSC_3548.JPG",1.19819,0.948894,1.16909,1.51239,1.18811,1.31836,1.62686,1.46135,1.11134,4
"DSC_3552.JPG",0.752683,1.10073,1.67306,1.80616,1.73927,1.70638,1.63412,1.4059,0.911853,4
"DSC_3555.JPG",0.82424,1.40735,2.07346,2.4709,2.40591,1.73359,1.178,1.34136,1.20047,1
"DSC_3567.JPG",1.15487,1.25216,1.40346,1.55384,1.54062,1.44617,1.32509,1.01081,0.662215,4
"DSC_3570.JPG",1.24276,1.17873,0.828058,1.66861,1.86161,1.74219,1.76308,1.66262,1.39638,0
"DSC_3586.JPG",1.21515,1.42144,1.3106,0.901968,1.0073,1.16831,1.26556,1.28445,0.983255,4
"DSC_3593.JPG",0.877775,1.12352,1.41752,1.38679,1.48202,1.67225,1.60291,1.48531,1.13793,4
"DSC_3595.JPG",0.849819,0.852771,1.16041,1.75121,1.8523,1.49773,1.27455,1.53234,1.5709,4
"DSC_3612.JPG",0.794942,1.28583,1.84819,2.13492,2.20711,1.74653,1.15867,1.36772,1.29578,1
"DSC_3625.JPG",0.681422,1.1403,1.57053,1.93896,2.17919,2.30533,2.31443,2.13728,1.68252,3
"DSC_3638.JPG",1.46263,1.72546,1.85238,2.20578,2.44616,2.33315,1.58027,0.83205,0.726272,1
"DSC_3646.JPG",1.18119,1.25659,0.954549,1.51573,1.75303,1.8631,1.93679,2.05484,1.91318,0
"DSC_3340.JPG",0.624281,1.53784,1.85822,1.75987,1.7042,2.13784,2.2215,2.06529,1.61675,0
"DSC_3351.JPG",1.02294,1.00718,1.22901,1.68372,1.92455,1.98305,1.75323,1.4214,1.37609,0
"DSC_3361.JPG",0.508957,1.68622,2.0025,2.4254,2.60291,2.48006,1.89727,1.47803,1.39671,3
"DSC_3375.JPG",0.419855,1.27741,1.64747,1.98983,2.16145,2.09356,2.14498,2.083,1.5138,0
"DSC_3384.JPG",0.967935,1.656,2.3971,2.65431,2.65571,2.24212,1.71646,1.21337,0.786087,1
"DSC_3394.JPG",1.62032,1.94085,1.33852,1.43182,0.957824,1.75133,2.07277,1.55502,0.973742,4
"DSC_3403.JPG",1.51559,1.80149,1.65974,1.65659,1.49777,1.04943,1.02988,1.0362,0.802543,4
"DSC_3415.JPG",0.743443,1.24071,1.70046,1.95388,2.08075,2.05914,1.97477,1.78303,1.50565,0
"DSC_3432.JPG",0.523619,0.818887,1.82662,2.31072,2.58244,2.68368,2.56109,2.24955,1.69554,3
"DSC_3433.JPG",0.656798,1.80013,2.08006,1.83896,1.86957,1.94539,1.76879,1.58571,1.1609,1
"DSC_3442.JPG",0.655136,0.678438,1.30114,2.17025,2.63914,2.68237,2.41,1.86005,1.27625,3
"DSC_3463.JPG",0.96249,1.04606,1.0929,1.3291,1.54002,1.68315,1.69083,1.43035,1.15901,4
"DSC_3536.JPG",1.32176,2.22597,2.82328,3.09208,3.16902,3.1237,2.9956,2.5059,1.78904,2
"DSC_3560.JPG",0.964486,1.35446,1.78042,1.96292,2.02,1.90265,1.66614,1.28163,0.979662,1
"DSC_3336.JPG",1.33347,1.70426,1.76941,1.86495,1.9958,1.97524,1.70482,1.25096,0.91931,1
"DSC_3354.JPG",0.37126,1.18618,1.68615,1.91483,1.81956,1.57649,1.96045,2.4229,2.22628,0
"DSC_3357.JPG",0.840791,1.43227,1.95416,2.20511,2.14021,1.7388,1.4221,1.63014,1.70568,1
"DSC_3359.JPG",0.99676,1.22388,1.07099,1.75909,1.59978,1.111,1.11839,0.78775,1.19517,4
"DSC_3362.JPG",0.64784,1.82445,2.58813,2.26892,1.15,2.35218,2.90087,2.63916,1.58308,3
"DSC_3363.JPG",0.437975,1.71212,2.26583,2.25926,1.93315,1.43513,1.41156,1.06092,0.846999,1
"DSC_3371.JPG",0.743365,0.740861,1.89198,2.49213,2.78192,2.95738,3.07618,2.97799,2.35724,3
"DSC_3390.JPG",1.25701,1.36699,1.52163,1.75381,1.79446,1.34433,1.19504,1.53216,1.40756,4
"DSC_3398.JPG",1.55225,1.93898,1.81383,1.5395,1.38866,1.47448,1.63785,1.69936,1.50636,4
"DSC_3409.JPG",0.626043,1.36648,1.76936,2.04078,2.26426,2.32841,2.19218,1.87891,1.29959,3
"DSC_3414.JPG",0.608448,1.5059,1.87187,2.54164,3.0938,3.08219,2.65152,2.07004,1.88062,3
"DSC_3449.JPG",1.13941,1.48514,1.34107,1.3656,1.5513,1.73249,1.83972,1.89525,1.72879,0
"DSC_3454.JPG",0.741835,1.45757,1.88452,1.97238,1.97907,2.02721,2.01083,1.59877,0.797335,1
"DSC_3470.JPG",1.10187,1.03211,0.550021,1.3437,1.63911,1.91474,2.02059,2.08386,1.81975,0
"DSC_3497.JPG",0.626703,1.47881,1.66349,1.61702,1.58086,1.72278,1.81678,1.75092,1.40801,0
"DSC_3512.JPG",0.525929,1.14693,1.34934,1.00024,1.35801,1.76507,1.9769,2.06616,1.83057,0
"DSC_3581.JPG",1.04841,0.811855,0.951311,1.68581,1.98435,2.21486,2.34837,2.20606,1.75001,0
"DSC_0498.JPG",0.996404,1.50505,1.66389,1.82445,1.91635,1.92408,1.58175,1.73043,1.32345,0
"DSC_4550.JPG",1.37511,1.78405,1.96639,1.98525,1.95718,1.90018,1.78676,1.59631,1.19936,1
"DSC_4552.JPG",0.33152,1.52316,2.07097,2.4876,2.54816,2.46446,2.26354,1.72351,1.28206,3
"DSC_4567.JPG",1.51912,1.67578,1.41264,0.785305,1.24757,1.42683,1.58394,1.44411,0.991839,4
"DSC_4568.JPG",0.695725,0.612544,1.51381,2.17754,2.58097,2.82183,2.81861,2.46601,1.93276,3
"DSC_0370.JPG",1.21105,1.39404,1.5419,1.82531,0.951571,1.28836,1.54683,1.55435,0.852079,4
"DSC_0379.JPG",0.597876,2.43352,2.80814,2.97042,3.07615,2.85283,2.07283,0.671889,1.18323,2
"DSC_0411.JPG",1.00082,1.68939,2.09093,2.58494,2.70601,2.37088,1.69849,1.63655,0.920622,1
"DSC_0497.JPG",1.13211,0.557238,1.13535,1.55639,1.82802,1.81837,1.68558,1.56825,1.17363,0
"DSC_4538.JPG",1.22295,1.39675,0.552814,1.15837,1.46082,1.73158,1.99911,1.97716,1.58874,0
"DSC_0367.JPG",0.75504,1.04526,1.43387,1.65518,1.80435,1.36871,1.7492,1.72619,1.19887,0
"DSC_0378.JPG",0.547434,2.5454,3.45109,3.57938,2.94188,1.77632,2.07909,2.04088,1.105,2
"DSC_0381.JPG",0.443201,1.04724,1.48239,1.64468,1.70155,1.88108,1.9582,1.48195,1.38843,0
"DSC_4548.JPG",0.667814,1.19295,1.64134,1.86444,2.06364,2.15813,2.22818,2.22707,1.88382,3
"DSC_0368.JPG",0.901526,1.39556,1.84134,2.40095,1.52654,1.15068,1.2508,1.56288,1.65396,4
"DSC_0489.JPG",0.933723,1.38741,1.40923,1.53903,2.26629,2.84029,2.83586,2.42463,1.86894,3
"DSC_4529.JPG",1.5533,1.84586,1.84675,1.64248,1.208,1.08232,1.14541,1.15296,0.893065,4
"DSC_4530.JPG",0.570318,1.43486,1.86438,2.07449,2.23109,2.37426,2.6586,2.83085,2.38685,3
"DSC_4553.JPG",0.597892,1.23673,1.55438,1.56748,1.45064,1.41751,1.62421,1.70931,1.4216,0
"DSC_4555.JPG",0.795343,1.0846,1.4925,1.79528,1.92101,1.88597,1.77502,1.43009,0.855913,0
"DSC_0402.JPG",0.305452,1.73322,1.99084,2.13066,2.10776,2.0276,2.06373,1.99125,1.93088,3
"DSC_0404.JPG",0.726587,0.933663,1.76035,2.13446,2.25501,2.197,1.78466,0.666096,0.950037,1
"DSC_4571.JPG",1.12874,1.61282,1.95191,2.06883,1.90054,1.50656,1.14726,1.25285,0.927136,1
"DSC_0384.JPG",0.606764,1.26359,1.58759,1.73259,1.75615,1.85555,1.77712,1.39827,1.22145,0
"DSC_4528.JPG",0.543133,1.05548,1.41834,1.63158,1.67577,1.6167,1.57616,1.59851,1.5836,0
"DSC_4546.JPG",1.02913,1.40458,1.49928,1.63176,1.53697,1.04742,0.664364,1.07676,1.26273,4
"DSC_4650.JPG",1.68657,1.54021,1.34707,1.36398,1.55446,1.59578,1.6391,1.39262,0.412295,4
"DSC_0374.JPG",0.970217,1.19941,1.45548,1.68877,2.08343,1.64481,1.31913,1.54298,1.61524,0
"DSC_0408.JPG",0.774516,1.47327,2.18715,2.40688,2.79964,2.77134,2.09004,1.48079,1.2675,3
"DSC_0492.JPG",0.209105,2.43014,3.2306,3.37482,2.76508,1.96635,2.12006,2.14066,0.634241,2
"DSC_0487.JPG",0.892254,1.69522,2.11959,2.2082,2.25711,2.76802,2.23227,1.58458,0.601281,1
"DSC_4514.JPG",0.361135,1.1323,1.51334,1.82225,2.01213,2.05201,1.92863,1.73239,1.39134,0
"DSC_4165.JPG",1.46388,1.62135,1.2609,1.50733,1.87061,2.03209,2.01039,1.87405,1.48158,0
"DSC_3407.JPG",0.742944,1.0942,1.59044,1.7247,1.5561,1.45327,1.50645,1.32842,1.07076,4
"DSC_3418.JPG",0.95252,1.24845,1.43122,1.56456,1.65973,1.75728,1.72956,1.53455,1.16634,0
"DSC_3420.JPG",0.302716,1.52857,1.86645,1.95124,1.92981,1.94798,2.01937,1.64938,1.32949,0
"DSC_3431.JPG",1.4044,1.81659,1.85331,1.68283,1.39842,1.21177,1.34593,1.76702,1.76083,4
"DSC_3447.JPG",1.84154,2.3265,2.29963,2.02642,1.7848,1.63497,1.42922,1.33409,1.04676,1
"DSC_3465.JPG",1.34421,1.80753,2.20614,2.46953,2.42783,2.01899,1.12827,0.880785,0.996617,1
"DSC_3523.JPG",0.955801,1.07105,1.1976,1.52402,1.77609,1.76914,1.59573,1.30562,0.977576,4
"DSC_3577.JPG",1.95512,2.52378,2.57076,2.48536,2.4672,2.46571,2.22493,1.73235,1.04854,2
"DSC_3622.JPG",1.05879,1.61527,1.78046,1.78652,1.64257,1.77997,1.99303,1.95457,1.5317,0
"DSC_3630.JPG",1.47707,1.63166,1.58929,1.51328,1.16642,1.11345,1.10551,1.00908,1.2823,4
"DSC_3631.JPG",0.832613,1.35063,1.8976,2.31227,2.60586,2.7706,2.7031,2.38904,1.55957,3
"DSC_3632.JPG",1.3392,1.11898,0.905011,1.59497,1.67697,1.48737,1.29216,1.41063,1.38187,4
"DSC_3637.JPG",1.11106,1.23742,1.8944,3.09881,3.30235,3.15095,2.22685,1.37117,0.820063,2
"DSC_3650.JPG",1.01712,1.06364,1.33528,1.53927,1.7624,2.08101,2.1668,1.69949,0.524096,0
"DSC_3654.JPG",1.73409,2.35785,2.69949,2.65362,2.41052,1.96867,1.28899,1.51837,1.48603,1
"DSC_3663.JPG",0.927608,1.29822,1.39981,1.37547,1.40449,1.70963,1.85508,1.63977,1.19481,0
"DSC_3664.JPG",1.42367,1.79145,1.80973,1.80035,1.87483,1.90915,1.75842,1.24567,0.761281,1
"DSC_3666.JPG",0.880646,1.86101,2.20765,2.54681,2.75058,2.76112,2.66916,2.5653,2.16356,3
"DSC_3682.JPG",1.02787,1.40126,1.21455,0.880034,1.21764,1.58692,1.71531,1.77065,1.51387,4
"DSC_3700.JPG",0.985678,1.54184,1.62466,1.32723,1.65414,2.11412,2.30791,2.24804,1.96857,0
"DSC_3707.JPG",0.939538,0.899974,1.27147,1.44869,1.56651,1.67312,1.71186,1.71383,1.65431,0
"DSC_3715.JPG",1.56251,1.80858,1.93343,1.81414,1.58158,1.72558,1.70794,1.52957,1.40536,1
"DSC_3376.JPG",1.06072,1.90289,2.44211,2.78521,2.99249,3.04465,2.78882,2.20974,1.1695,2
"DSC_3378.JPG",1.18469,1.09917,0.967394,1.20775,1.53268,1.85964,2.08891,1.97959,1.5325,0
"DSC_3408.JPG",2.0346,2.74586,3.07926,3.05784,2.62369,2.2961,1.80947,0.999912,0.84237,2
"DSC_3412.JPG",0.790396,1.20252,1.54078,1.72575,1.80277,1.88027,1.93015,1.78288,1.3994,0
"DSC_3422.JPG",1.38602,1.71099,1.92077,2.25116,2.53655,2.7612,2.88916,2.57806,1.6726,3
"DSC_3435.JPG",0.963433,1.51863,1.89903,2.22161,2.14986,1.74115,1.31088,1.6145,1.53035,1
"DSC_3436.JPG",0.69061,1.81975,2.29347,2.5145,2.52529,2.45821,2.31872,2.11134,1.96081,3
"DSC_3464.JPG",1.27048,1.95657,2.40714,2.83418,3.16403,3.30212,3.17602,2.92263,2.062,3
"DSC_3478.JPG",1.18222,0.752675,0.89553,1.3149,1.56988,1.7321,1.83545,1.91193,1.54289,0
"DSC_3484.JPG",1.0692,1.50864,1.67239,1.69352,1.47774,1.30214,1.46518,1.43903,1.27287,4
"DSC_3490.JPG",1.06862,1.03981,1.99928,2.50871,2.53233,2.13677,1.47185,0.855903,0.957101,1
"DSC_3492.JPG",1.05333,1.73036,2.08056,2.31767,2.45418,2.57055,2.54704,2.33673,1.79181,3
"DSC_3496.JPG",1.18418,1.49227,1.81536,1.73709,1.37008,0.977927,1.10548,1.13966,0.753225,4
"DSC_3511.JPG",1.56784,2.03561,1.96266,1.45202,1.3047,0.813316,1.25606,1.67415,1.5282,4
"DSC_3513.JPG",0.960198,1.48942,1.88228,2.1729,2.30891,2.43839,2.60085,2.54239,1.88801,3
"DSC_3524.JPG",0.963636,0.983094,1.24959,1.37658,1.39116,1.15716,1.2033,1.30532,1.47414,4
"DSC_3533.JPG",1.52241,2.70491,3.14536,3.21258,2.79811,2.37023,2.24337,2.1634,1.19182,2
"DSC_3535.JPG",1.12705,1.58121,1.89446,1.90385,1.57223,1.20327,0.801338,0.930475,0.839987,4
"DSC_3538.JPG",1.11259,1.05244,1.09939,1.6396,1.54288,1.41518,1.48028,1.51205,1.43737,4
"DSC_3544.JPG",1.0345,1.42526,1.82296,2.2348,2.48803,2.51367,2.15928,1.31549,0.894212,1
"DSC_3564.JPG",1.07391,1.28744,1.34137,1.14622,1.07556,1.51059,1.64151,1.71685,1.48881,4
"DSC_3673.JPG",1.76672,1.72348,1.6905,2.22361,2.41819,2.36435,2.31245,2.26646,1.6386,3
"DSC_3675.JPG",1.51626,2.3923,2.56008,2.32102,2.26802,2.0156,1.39479,1.09438,1.40095,1
"DSC_3680.JPG",0.92859,1.26876,1.58383,1.94253,2.10872,2.38154,2.5898,2.35715,1.74852,3
"DSC_3686.JPG",1.17252,1.53587,1.46438,1.0571,1.12129,1.23217,1.33312,1.36174,1.29411,4
"DSC_3688.JPG",1.26489,1.34468,1.23216,0.971496,0.927088,1.00317,1.17419,1.19048,0.838973,4
"DSC_3690.JPG",1.03742,0.817859,0.974312,1.53043,1.74327,1.68533,1.55998,1.37402,1.09943,4
"DSC_3692.JPG",0.843118,1.28861,1.35513,1.19491,1.36738,1.61277,1.7877,1.85735,1.64641,0
"DSC_3693.JPG",0.765839,1.19043,1.87663,2.18678,2.21078,2.10798,1.99408,1.7524,1.40169,0
"DSC_3698.JPG",1.43808,2.04291,1.81341,1.61631,1.64152,1.83817,1.98778,2.08461,1.94908,0
"DSC_3701.JPG",1.00947,1.8798,2.18089,2.2116,2.11168,1.88304,1.70038,1.69174,1.54506,1
"DSC_3703.JPG",0.970512,1.20423,1.87717,2.30331,2.39625,2.37184,2.26143,1.9256,1.21921,3
"DSC_3704.JPG",1.45057,1.82992,1.91543,1.66815,1.14538,1.29775,1.3641,1.39048,1.10685,4
"DSC_3706.JPG",0.85573,0.923904,0.867467,1.06557,1.01834,1.07771,1.24528,1.35475,1.36455,4
"DSC_3708.JPG",1.4595,1.97293,2.09599,2.0432,1.73346,1.39557,1.39391,1.21164,1.0761,1
"DSC_3712.JPG",1.73787,2.45203,2.63888,2.49997,2.17002,1.79327,1.92625,2.03961,1.58874,2
"DSC_3713.JPG",1.24526,1.65105,1.76183,1.67614,1.84003,2.09646,2.35924,2.31758,2.07736,3
"DSC_3714.JPG",1.52418,1.71587,1.64941,1.30279,1.49318,1.38738,0.974837,1.08024,1.0187,4
"DSC_3717.JPG",1.3337,1.59461,1.80922,1.65353,0.98434,1.15514,1.41552,1.507,1.27054,4
"DSC_3719.JPG",0.953827,0.986311,1.38065,1.72253,1.80547,1.58843,0.975932,0.687164,0.903,4
"DSC_3720.JPG",1.0687,0.965401,0.691692,1.05573,1.42622,1.30982,1.09302,1.30078,1.34945,4
"DSC_3611.JPG",1.50946,1.89598,2.01162,1.86449,1.65002,1.37023,1.0587,1.48144,1.49813,4
"DSC_3613.JPG",0.645307,1.38687,1.72831,1.71703,1.60109,1.85416,1.87261,1.65875,1.38457,0
"DSC_3616.JPG",0.646178,0.794621,2.6519,3.27536,3.35399,2.93453,1.76413,1.0723,0.794689,2
"DSC_3617.JPG",1.15927,2.03713,2.14055,2.04272,2.28023,2.46391,2.5501,2.56515,2.09279,3
"DSC_3634.JPG",0.565927,1.23695,1.73228,1.87303,1.98363,2.11839,1.99165,1.69212,1.38149,0
"DSC_3653.JPG",1.24681,1.14331,1.33995,1.3485,0.994828,1.11293,1.34418,1.44658,1.43458,4
"DSC_3655.JPG",1.3529,1.41432,1.32483,1.38329,1.66873,1.84084,1.64176,1.16235,1.18789,4
"DSC_3658.JPG",0.651967,1.14275,1.88409,1.97494,1.66773,1.2476,1.04035,1.09259,1.0299,4
"DSC_3667.JPG",0.316239,1.35275,1.64434,1.79806,1.91766,2.00002,2.05671,1.92819,1.79623,0
"DSC_3668.JPG",0.917161,1.40739,1.68493,1.94431,2.30925,2.45032,2.38713,2.26086,1.95439,3
"DSC_3669.JPG",1.56133,2.28207,2.73292,2.8812,2.87159,2.75189,2.71757,2.36775,1.64333,2
"DSC_3670.JPG",1.38676,2.01469,2.13255,1.90893,1.75973,1.72634,1.66143,1.65637,1.26844,1
"DSC_3671.JPG",1.10425,1.86365,2.12617,1.99888,1.58441,1.19965,1.0089,1.25675,1.1272,4
"DSC_3685.JPG",1.04483,1.39259,1.45649,1.45871,1.53207,1.58642,1.60024,1.49575,1.22146,4
"DSC_3694.JPG",2.43256,2.88721,2.75697,2.22817,2.00759,1.87963,1.58758,1.38682,0.824426,1
"DSC_3697.JPG",0.935576,1.03746,1.16315,0.997517,1.41277,1.47568,1.18647,1.27454,1.32561,4
"DSC_3711.JPG",0.663998,1.02512,1.50285,1.57838,1.55297,1.74606,1.83439,1.73483,1.47826,0
"DSC_4674.JPG",0.986782,2.19582,2.67016,2.77633,2.50926,1.99704,1.67087,1.81287,1.4786,2
"DSC_4679.JPG",1.97281,2.46305,2.65262,2.35065,2.09161,1.86261,1.41833,1.25766,1.0423,1
"DSC_4738.JPG",1.32184,1.71726,1.63265,1.27988,1.42469,2.03118,2.34798,2.32139,1.90316,0
"DSC_4739.JPG",1.04124,0.665291,1.41533,1.72221,1.73732,1.46362,1.16504,1.48914,1.33757,4
"DSC_4771.JPG",1.19898,1.94154,2.14863,2.03038,1.85053,1.73289,1.55213,1.51251,1.35296,1
"DSC_4781.JPG",1.03356,1.23492,1.01726,0.806915,1.6316,1.91921,1.93319,1.67121,1.37084,0
"DSC_4831.JPG",1.35229,1.55465,1.5005,1.41609,1.30462,1.24442,1.18879,1.19364,1.06828,4
"DSC_4657.JPG",1.71248,1.67236,1.64929,1.65536,1.02145,1.00238,0.865921,1.1724,1.33529,4
"DSC_4660.JPG",1.24315,1.69059,1.67446,1.50704,1.48032,1.43619,1.52643,1.53755,1.32714,4
"DSC_4668.JPG",1.32295,1.49761,1.36344,1.60019,1.59676,1.82289,1.82929,1.14376,1.00536,4
"DSC_4681.JPG",0.691196,1.76444,2.20954,2.35751,2.23036,1.93713,1.82232,1.64739,1.37407,1
"DSC_4684.JPG",1.8117,1.82212,0.368381,1.34698,1.18848,1.32874,1.5576,1.26103,0.977549,4
"DSC_4696.JPG",0.974163,1.17244,1.01233,0.998643,1.34467,1.26781,1.11036,1.40618,1.26902,4
"DSC_4697.JPG",0.917947,1.33751,1.55073,1.65476,1.62116,1.46736,1.27385,1.23805,1.21755,4
"DSC_4699.JPG",1.63361,1.67228,1.37937,1.80411,1.75182,1.8774,1.87053,1.78301,1.37046,0
"DSC_4816.JPG",0.639193,1.34246,1.3931,1.44344,1.53959,1.58941,1.66374,1.75604,1.53339,0
"DSC_4662.JPG",1.51805,1.65797,1.20207,1.53491,1.52969,1.5339,1.24777,1.04589,0.982157,4
"DSC_4671.JPG",1.88226,2.4039,2.28154,1.44103,1.05506,1.30136,1.59243,1.64284,1.38351,4
"DSC_4672.JPG",0.616615,1.66002,2.15251,2.29579,2.08587,1.45532,1.2165,1.21771,1.19456,1
"DSC_4798.JPG",1.02265,1.35863,1.4743,1.55135,1.62835,1.68553,1.63672,1.46279,1.10398,4
"DSC_4799.JPG",1.27916,1.31921,0.988269,1.06393,1.45002,1.711,1.70626,1.49078,1.14148,4
"DSC_4805.JPG",0.531375,1.84569,2.07541,1.87024,1.60516,1.75269,1.95165,2.18998,1.93345,0
"DSC_4815.JPG",0.403054,1.42408,1.80979,2.03196,2.15268,2.14637,2.01676,1.82712,1.59252,0
"DSC_4827.JPG",1.36225,1.30199,0.86477,1.39697,1.75266,1.80393,1.59802,1.29851,1.13232,4
"DSC_4829.JPG",0.463443,1.25971,1.67725,1.95914,2.16009,2.13201,2.01356,1.75365,1.33548,0
"DSC_4669.JPG",1.28742,1.85294,2.23427,2.54761,2.67271,2.7089,2.47437,2.0059,0.937765,2
"DSC_4673.JPG",0.825692,1.32836,1.44877,1.29708,1.24636,1.69635,2.06936,2.1704,1.77914,0
"DSC_4688.JPG",1.31732,1.75259,1.77037,1.62064,1.69834,1.82943,1.85476,1.77824,1.53542,0
"DSC_4689.JPG",1.70039,1.81171,1.1514,1.2402,1.6207,1.88445,1.95101,1.84196,1.54057,0
"DSC_4692.JPG",1.42167,1.65554,1.50252,0.826183,1.42969,1.45175,1.33629,1.22609,0.789763,4
"DSC_4744.JPG",1.44345,1.52999,1.39552,1.0348,0.875681,1.38954,1.37895,1.06076,0.773577,4
"DSC_4785.JPG",0.920461,1.50587,1.79508,1.95151,1.92191,1.62307,1.4862,1.4698,1.23249,1
"DSC_4789.JPG",1.28969,1.81964,1.56984,1.97138,1.94567,1.45105,1.62699,1.55549,1.21003,1
"DSC_4812.JPG",0.770385,1.55531,1.63995,1.37545,1.25845,1.8033,2.00641,1.83705,1.16953,0
"DSC_4663.JPG",0.833051,1.36468,1.26844,1.53108,1.53469,1.60582,1.72843,1.88988,1.73568,0
"DSC_4667.JPG",1.21806,1.06467,1.08795,1.39009,1.5889,1.84278,1.91214,1.90498,1.39928,0
"DSC_4683.JPG",1.52394,1.87277,1.85279,1.59393,1.05544,0.916935,1.25635,1.1961,0.921939,4
"DSC_4690.JPG",1.17278,1.1454,1.24407,1.60591,1.80926,2.19203,2.51667,2.31518,1.6241,0
"DSC_4695.JPG",1.10372,1.02143,0.911802,1.49676,1.80918,1.97691,2.09489,2.03971,1.64435,0
"DSC_4741.JPG",1.40986,2.00257,2.31342,2.33553,2.21962,1.89394,1.48455,1.49133,1.24232,1
"DSC_4760.JPG",1.1036,1.18852,1.31475,1.39498,1.53028,1.629,1.56534,1.40288,1.12346,4
"DSC_4787.JPG",0.783022,1.45444,1.62274,1.83551,2.01704,2.12115,1.90125,1.5026,1.1635,0
"DSC_4788.JPG",0.359281,0.953858,1.41073,1.53301,1.74184,2.22227,2.21038,1.88797,1.48371,0
"DSC_4823.JPG",1.13166,1.38141,1.74443,2.13055,2.26352,2.2956,2.29736,2.13486,1.74093,3
"DSC_4826.JPG",1.3987,2.29939,2.77319,2.91879,2.65256,2.22504,1.15628,1.36318,1.22632,2
"DSC_4749.JPG",1.20051,1.75619,1.97122,2.09647,2.04919,1.88143,1.46901,0.875975,0.804796,1
"DSC_4753.JPG",1.16387,2.16665,2.62039,2.69686,2.66519,2.45881,2.14954,1.57302,0.908156,2
"DSC_4756.JPG",0.895018,1.03487,0.885685,0.967189,1.39969,1.41019,1.37532,1.43559,1.15435,4
"DSC_4774.JPG",1.24066,1.35393,1.42126,1.65929,1.77779,1.70376,1.4169,1.03218,0.992125,4
"DSC_4794.JPG",0.733865,2.09652,2.5525,2.81125,2.80108,2.79148,2.64598,2.15862,0.803639,2
"DSC_4801.JPG",1.44218,1.56105,1.55191,1.3331,1.84825,2.2815,2.18611,1.72201,0.902532,0
"DSC_4803.JPG",1.23354,1.47529,1.5564,1.32846,0.8889,1.4744,1.54525,1.26909,0.662618,4
"DSC_4817.JPG",1.19025,1.50064,1.60645,1.53265,1.70293,2.14463,2.40975,2.3766,1.81374,0
"DSC_4659.JPG",0.608367,1.39751,1.3987,1.46012,1.74742,1.97747,2.00638,1.86737,1.4369,0
"DSC_4677.JPG",1.38106,2.06976,2.42625,2.37272,2.1604,1.64177,1.39464,1.46009,1.2996,1
"DSC_4682.JPG",0.56036,1.14047,1.4589,1.43896,1.4729,1.67782,1.67786,1.6192,1.47689,0
"DSC_4687.JPG",0.576012,1.32877,1.80539,2.18359,2.44536,2.59983,2.65067,2.45353,2.34489,3
"DSC_4691.JPG",0.934867,1.6468,1.88028,1.54701,1.24832,0.854777,0.779424,1.2214,1.32761,4
"DSC_4742.JPG",0.607501,1.24553,1.9627,2.14244,2.14928,2.01979,2.00064,1.76312,1.19346,0
"DSC_4751.JPG",0.620051,0.968068,1.35762,1.59691,1.9446,2.127,2.10581,1.80535,1.27291,0
"DSC_4752.JPG",0.77143,1.32271,1.70579,1.82159,1.75726,1.52816,1.23587,1.08214,1.06489,4
"DSC_4767.JPG",0.957897,1.31919,1.90822,2.20948,2.26221,2.10211,1.82418,1.37836,0.84101,1
"DSC_4782.JPG",0.62523,1.54478,1.83059,1.83693,1.75439,1.78984,1.87079,1.72915,1.3842,0
"DSC_4802.JPG",0.747742,1.33088,1.5433,1.56919,1.5549,1.5832,1.51426,1.45963,1.45117,4
"DSC_4806.JPG",1.42488,2.12356,2.28447,2.06318,1.74499,1.67699,1.52198,1.03833,0.878144,1
"DSC_7571.JPG",0.994436,1.65699,1.91593,1.69324,1.06655,1.07406,1.4267,1.64536,1.57975,4
"DSC_7573.JPG",0.7726,0.992537,1.21414,1.57595,1.546,1.19207,1.256,1.31936,1.01182,4
"DSC_7584.JPG",0.719062,1.38367,1.81902,1.998,1.79784,1.34701,1.38236,1.27384,1.19083,4
"DSC_7604.JPG",0.763579,1.04942,1.1536,1.25897,1.56641,1.83288,2.01662,2.08886,1.73342,0
"DSC_7606.JPG",1.06815,1.22552,1.61364,1.98247,2.21514,2.16603,1.87267,1.32594,1.31242,1
"DSC_7616.JPG",0.99916,1.59297,1.95393,2.13472,2.20707,2.09098,1.80321,1.40026,0.727269,1
"DSC_7617.JPG",0.849572,1.93121,2.32644,2.45143,2.42004,2.40363,2.28806,1.98097,1.20109,3
"DSC_7619.JPG",1.14769,1.40929,1.59811,1.52381,1.96721,2.35456,2.18236,1.49081,1.13113,0
"DSC_7621.JPG",0.736304,1.03972,0.980132,1.27993,1.762,1.82765,1.62159,1.16764,1.10698,4
"DSC_7626.JPG",0.763192,1.17802,1.48776,1.76309,1.89618,1.88151,1.82929,1.64615,0.946299,0
"DSC_7629.JPG",0.873373,1.39594,1.21673,1.5157,1.81113,1.86766,1.8277,1.80515,1.50982,0
"DSC_7642.JPG",1.68283,2.2157,2.43998,2.43087,2.28246,1.97633,1.35817,1.02918,0.890679,1
"DSC_7644.JPG",0.939268,1.21405,1.38167,1.19419,1.16907,1.41981,1.5386,1.51467,1.41824,4
"DSC_7660.JPG",0.944189,1.62092,1.93813,2.09987,2.15531,2.12428,2.04746,1.96694,1.60185,3
"DSC_7679.JPG",0.95581,1.20898,1.34897,1.55574,1.50832,1.63219,1.73568,1.7948,1.25092,0
"DSC_7693.JPG",1.09379,1.33938,1.49821,1.30244,1.68743,2.06343,2.056,1.90651,1.64557,0
"DSC_7553.JPG",1.16787,1.56865,1.65426,1.60909,1.60607,1.6601,1.68161,1.61392,1.13926,4
"DSC_7558.JPG",0.957699,1.42303,1.79634,2.11004,2.31519,2.38181,2.1495,1.75277,1.05311,3
"DSC_7570.JPG",1.25886,1.6958,1.85258,2.003,2.44945,2.65595,2.4824,2.02511,1.58577,3
"DSC_7585.JPG",0.99604,1.58624,1.82518,1.80964,1.92444,2.04589,2.00993,1.71064,1.04689,1
"DSC_7590.JPG",1.17458,1.41757,1.40993,1.37295,1.40156,1.38583,1.4026,1.33881,1.05826,4
"DSC_7592.JPG",1.23577,1.84525,2.2486,2.44337,2.35327,1.88683,1.11618,1.29562,1.42262,1
"DSC_7593.JPG",0.923255,1.65202,2.06623,2.35497,2.59629,2.72946,2.59749,2.29674,1.43382,3
"DSC_7600.JPG",1.00378,1.57452,1.83265,1.77041,1.42134,1.39971,1.47224,1.39065,1.44971,4
"DSC_7614.JPG",0.725681,1.04077,1.33433,1.62137,1.65003,1.32103,1.17248,1.46228,1.55948,4
"DSC_7628.JPG",1.08341,1.41166,1.4035,1.09693,1.13087,1.1309,1.21833,1.16665,1.02414,4
"DSC_7652.JPG",1.02349,1.33269,1.67851,2.05459,1.93357,1.528,1.56057,1.68687,1.64464,0
"DSC_7683.JPG",0.92829,1.27911,1.36137,1.49916,1.5399,1.70781,1.69102,1.51746,1.1529,4
"DSC_7684.JPG",1.05184,1.29862,1.85289,1.96538,1.87582,1.60403,1.02331,1.13799,0.638223,1
"DSC_7696.JPG",1.64126,1.84395,1.76052,1.79459,1.54992,1.37618,1.29736,1.15581,1.18088,4
"DSC_7714.JPG",1.89404,2.87293,3.22258,3.25701,2.86351,2.20117,1.39223,1.25558,1.03509,2
"DSC_7568.JPG",1.19962,1.50358,1.67654,1.74978,1.75809,1.67124,1.47012,1.21079,1.06131,4
"DSC_7580.JPG",0.845773,1.16001,1.60818,1.90988,2.10469,2.18739,1.98033,1.53185,1.23893,0
"DSC_7587.JPG",1.50448,1.50253,0.980833,1.1707,1.09045,1.05402,1.31067,1.30576,1.01044,4
"DSC_7601.JPG",2.71146,3.45044,3.55465,2.9319,2.2649,2.21402,2.19911,2.06067,1.57967,2
"DSC_7678.JPG",0.944561,1.36927,1.659,1.82533,2.14213,2.63198,2.76287,2.56208,1.87777,3
"DSC_7682.JPG",1.04331,1.51415,1.9511,2.33384,2.4302,2.19367,1.5898,0.918025,1.05398,1
"DSC_7749.JPG",1.15326,1.43481,1.32014,1.1545,1.29863,1.57991,1.62268,1.5053,1.24624,4
"DSC_7765.JPG",1.11928,1.0376,1.42441,1.66271,1.50357,1.3901,1.40894,1.24063,0.896346,4
"DSC_7772.JPG",0.775153,1.34598,1.61643,1.68189,1.69012,1.66966,1.56438,1.22883,0.956392,4
"DSC_7797.JPG",1.2593,1.91906,2.183,2.25455,2.09269,1.83671,1.66227,1.57263,1.18358,1
"DSC_7816.JPG",0.762353,1.18487,0.970938,1.29578,1.63462,1.8335,1.88582,1.76948,1.39596,0
"DSC_7817.JPG",0.965362,1.10768,1.09355,1.14437,1.29952,1.46979,1.62955,1.61116,1.38906,4
"DSC_7836.JPG",1.29297,1.63647,2.04276,2.36698,2.58985,2.56537,2.40724,2.14998,1.74542,3
"DSC_7552.JPG",0.633787,1.36464,1.59141,1.83969,2.04025,2.0547,1.96481,1.85303,1.50731,0
"DSC_7560.JPG",1.12881,1.4836,1.45315,1.44376,1.6212,1.71137,1.59596,1.32856,1.16866,4
"DSC_7577.JPG",0.725791,1.39888,1.6948,2.14873,2.02333,1.31621,1.59661,1.52916,1.19775,1
"DSC_7605.JPG",0.971081,1.15252,1.31279,1.32425,1.24983,1.45798,1.772,1.91955,1.75065,0
"DSC_7608.JPG",0.988073,1.40907,1.56087,1.69408,1.75767,1.77107,1.66024,1.47935,1.25223,0
"DSC_7609.JPG",0.865986,1.26843,1.52598,1.53576,1.59924,1.76769,1.90045,1.9967,1.69086,0
"DSC_7615.JPG",1.33736,1.21844,0.925071,0.938433,1.295,1.41878,1.47006,1.50057,1.13123,4
"DSC_7622.JPG",0.8962,1.34592,1.40052,1.26006,1.37323,1.66711,1.76325,1.61443,1.24831,4
"DSC_7633.JPG",1.50428,1.91265,1.82993,1.46692,1.49166,1.48585,1.2753,0.944996,0.996357,4
"DSC_7634.JPG",1.17482,1.72579,1.92171,1.83062,1.55912,1.42,1.56739,1.49989,1.18626,4
"DSC_7635.JPG",0.68077,1.82971,2.60012,3.01939,3.33358,3.52319,3.36217,2.93199,2.01579,3
"DSC_7680.JPG",1.27644,1.33673,1.05315,1.33906,1.56669,1.40882,1.22881,1.04438,1.29852,4
"DSC_7689.JPG",1.54357,2.02462,2.1803,2.25479,2.15814,1.88061,1.54816,1.58207,1.31499,1
"DSC_7703.JPG",1.36097,1.64893,1.6964,1.87274,1.88282,1.85121,1.92848,1.96642,1.7986,0
"DSC_7715.JPG",1.41054,2.0403,2.23432,2.2218,2.00426,1.6185,1.38944,1.2527,0.836989,1
"DSC_4664.JPG",0.345484,1.91795,2.37698,2.53891,2.29165,2.0041,1.61202,1.4544,1.42566,1
"DSC_4670.JPG",1.03223,1.12974,1.17886,1.64355,1.75274,1.69333,1.70701,1.87046,1.65488,0
"DSC_4770.JPG",1.66116,2.91722,3.50569,3.45182,3.04171,2.08225,0.954371,1.24552,1.49753,2
"DSC_4820.JPG",1.69701,2.12507,2.14488,2.19244,2.18434,2.11093,1.9481,1.64103,0.963194,1
"DSC_4653.JPG",1.08018,1.92732,2.27958,2.40728,2.32795,2.17343,1.97333,1.81246,1.52508,1
"DSC_4655.JPG",1.09361,1.23818,1.26728,0.99906,1.28512,1.63,1.86322,2.02528,1.74864,0
"DSC_4656.JPG",1.64677,1.88308,1.5638,0.565309,0.875147,1.17449,1.32534,1.22735,1.20782,4
"DSC_4685.JPG",1.62003,2.21845,2.51878,2.68,2.43281,1.70824,1.0564,1.27891,1.17387,1
"DSC_4694.JPG",1.96792,2.72753,2.80526,2.08852,1.82786,2.1629,1.79883,1.0588,0.899847,1
"DSC_4748.JPG",1.22295,2.04175,2.41103,2.43741,2.0694,1.19962,1.24182,1.5635,1.33642,1
"DSC_4807.JPG",1.04238,1.66051,2.21717,2.21608,1.99964,1.10893,1.24343,1.37068,1.27417,1
"DSC_4814.JPG",0.852088,1.39831,1.53268,1.51396,1.62844,1.96425,2.26303,2.35495,2.06257,0
"DSC_4819.JPG",1.31462,1.3544,1.26804,1.05897,0.865449,1.48998,1.45757,1.27937,1.22094,4
"DSC_4822.JPG",1.30477,2.29892,3.39051,3.94935,4.21845,4.20232,3.65366,2.57605,0.8909,2
"DSC_4828.JPG",1.58905,1.87037,1.75174,1.72164,1.61501,1.36333,1.15635,0.864691,1.08975,4
"DSC_4658.JPG",1.4262,1.85125,1.94595,1.77324,1.41742,0.744976,1.3091,1.55998,1.16196,4
"DSC_4746.JPG",0.313396,2.00969,2.58825,2.99439,3.1815,3.1182,2.83302,2.34505,1.47385,2
"DSC_4747.JPG",0.98729,0.997539,0.591167,1.17019,1.44527,1.56737,1.64938,1.73301,1.82697,0
"DSC_4750.JPG",1.41415,1.73778,1.58452,1.36991,1.43693,1.70986,1.89939,1.74872,1.34639,4
"DSC_4757.JPG",0.893567,0.908163,1.11297,1.7239,1.96882,1.9955,1.82302,1.61106,1.2755,0
"DSC_4769.JPG",0.870942,0.905044,0.945895,1.11507,1.23642,1.43381,1.83607,1.96354,2.08057,0
"DSC_4772.JPG",1.32584,1.67558,1.64225,1.5629,1.53759,1.58667,1.73434,1.80618,1.50701,0
"DSC_4773.JPG",0.869443,1.14074,1.5864,1.74513,1.62633,1.24602,1.35021,1.52018,1.49638,4
"DSC_4778.JPG",0.668383,0.950861,1.32039,1.46323,1.67119,1.9005,1.8723,1.72489,1.30424,0
"DSC_4779.JPG",1.75652,2.30228,2.16753,1.61636,1.10897,1.31163,1.49047,1.68351,1.41424,4
"DSC_4686.JPG",1.04611,0.555877,1.46074,1.74194,1.90446,2.05989,2.14439,2.13434,1.69471,0
"DSC_4754.JPG",0.797204,0.919888,0.928887,1.68971,2.0218,2.1517,2.0116,1.7712,1.1522,0
"DSC_4759.JPG",1.21015,1.39933,1.45554,1.67446,1.73432,1.3618,0.735924,1.03694,1.10537,4
"DSC_4763.JPG",1.00391,1.41417,1.69221,1.99873,2.21329,2.29307,2.22805,2.01713,1.48681,3
"DSC_4764.JPG",1.0946,1.21384,1.60347,1.71462,1.29545,1.16742,1.18743,1.25819,1.20917,4
"DSC_4775.JPG",1.30815,1.87712,1.88279,1.61947,1.30096,1.38697,0.789795,1.37118,1.42804,4
"DSC_4786.JPG",0.687271,1.32697,1.32319,1.49888,1.92493,2.23814,2.37561,2.2551,1.80016,0
"DSC_4796.JPG",0.973079,1.63347,1.98976,1.98089,1.79038,1.37965,1.34107,1.31125,1.01922,1
"DSC_4797.JPG",1.32875,1.76973,1.85851,1.57104,1.19341,1.15236,1.25825,1.39333,1.31281,4
"DSC_4808.JPG",1.19367,2.00796,2.3815,2.48836,2.34108,2.12379,2.01411,1.88022,1.49642,1
"DSC_4824.JPG",0.989939,0.989527,1.07956,1.49906,1.84869,1.94016,1.79946,1.47341,1.23265,0
"DSC_9668.JPG",1.2,1.72912,2.02354,2.22616,2.31501,2.10631,1.68511,1.30925,0.758262,1
"DSC_9661.JPG",1.37769,1.19211,1.21425,1.14358,1.12483,1.36692,1.52468,0.960687,1.35888,4
"DSC_9180.JPG",1.12544,1.38076,1.80106,2.21557,2.42818,2.40503,2.22784,1.79112,0.87241,3
"DSC_9162.JPG",0.75999,1.42752,1.74278,1.89177,1.90716,1.79591,1.62061,1.49632,1.44892,0
"DSC_9151.JPG",1.06223,1.29488,1.51596,1.72096,1.78104,1.75605,1.62789,1.34496,0.966152,4
"DSC_9096.JPG",0.702055,1.15065,1.65852,2.03524,2.15427,2.0335,1.76003,1.59502,1.32839,0
"DSC_9108.JPG",1.28528,2.03089,2.36637,2.48925,2.36963,2.07244,1.71125,1.49729,1.29212,1
"DSC_9102.JPG",1.36874,2.02484,2.23642,2.18313,1.93917,1.27129,1.13773,1.22619,1.07212,1
"DSC_9109.JPG",0.974199,1.33722,1.73354,1.8412,1.725,1.656,1.70444,1.6581,1.40156,0
"DSC_9140.JPG",0.997596,1.32586,1.67608,1.7278,1.78506,1.82438,1.63985,1.37683,1.10967,4
"DSC_9104.JPG",1.11178,1.59629,1.84691,1.92429,1.99948,2.08403,2.20645,2.28383,1.87549,3
"DSC_9107.JPG",1.39512,1.78796,2.02491,2.16908,2.21727,2.01901,1.62318,1.24393,0.976551,1
"DSC_9161.JPG",0.861955,1.292,1.36674,1.42773,1.46836,1.47828,1.62348,1.79877,1.64396,0
"DSC_9219.JPG",0.734733,1.26476,1.67406,2.01548,1.85434,1.13817,1.25693,1.67101,1.7529,4
"DSC_9097.JPG",1.0834,1.42259,1.54906,1.6413,1.67777,1.65997,1.61565,1.51529,1.26655,4
"DSC_9125.JPG",1.45676,2.09044,2.29491,2.2477,2.15598,1.95965,1.60591,1.30995,1.25397,1
"DSC_9112.JPG",0.747134,1.39121,1.59291,1.64265,1.61935,1.68131,2.03758,2.0129,1.62586,0
"DSC_9181.JPG",1.11887,1.81085,1.9634,1.97766,2.1154,1.94863,1.56004,1.51779,1.24988,1
"DSC_9122.JPG",1.23018,1.25073,1.45763,1.43602,1.61346,1.55209,1.23046,1.11345,1.30343,4
"DSC_9118.JPG",1.18804,1.73587,2.07214,2.18995,2.25238,2.16899,2.05156,1.69092,1.05253,1
"DSC_9119.JPG",0.80503,1.14749,1.34179,1.53002,1.6976,1.75234,1.75827,1.7988,1.47757,0
"DSC_9113.JPG",1.14215,2.03807,2.42265,2.70179,2.793,2.71859,2.47024,1.93947,1.12365,2
"DSC_9123.JPG",0.787405,1.36793,1.75814,1.99972,2.1231,2.1578,2.10385,1.91922,1.47213,0
"DSC_9124.JPG",1.12857,1.58415,1.72419,1.5994,1.45949,1.35595,1.44886,1.53756,1.511,4
"DSC_9106.JPG",0.656588,1.19171,1.44347,1.46823,1.51485,1.83883,2.1201,2.22482,2.29442,0
"DSC_9121.JPG",0.966265,1.75312,2.19084,2.46823,2.74739,2.81991,2.71461,2.1332,1.18676,3
"DSC_9117.JPG",1.01896,1.83687,2.13925,2.22172,2.43591,2.54958,2.28046,1.66007,1.47963,3
"DSC_9183.JPG",1.02812,1.32511,1.41339,1.63417,1.761,1.89802,2.06395,2.1818,1.96669,0
"DSC_9159.JPG",0.579527,1.13449,1.45601,1.67475,1.8373,1.96302,2.05129,2.06179,2.06048,0
"DSC_9168.JPG",1.42788,1.67707,1.62887,1.58615,1.56023,1.5941,1.65277,1.59748,1.23141,4
"DSC_9189.JPG",1.31223,1.70153,1.84238,1.97526,2.11329,2.21041,2.16955,2.05451,1.6895,3
"DSC_9178.JPG",0.827853,1.56022,2.17391,2.63222,2.93274,3.12905,3.14968,2.76046,2.15549,3
"DSC_9185.JPG",1.14106,1.57773,1.84088,1.9676,2.01818,2.25564,2.4658,2.31314,1.59983,3
"DSC_9188.JPG",1.34144,2.07372,2.49993,2.65019,2.56006,2.3399,1.92984,1.39929,0.944249,2
"DSC_9120.JPG",0.971705,1.34922,1.52443,1.64115,1.72199,1.75012,1.6574,1.44858,1.07189,4
"DSC_9166.JPG",0.810902,1.16324,1.48002,1.81482,2.04993,2.23978,2.26131,2.04399,1.43273,0
"DSC_9177.JPG",0.85303,1.29056,1.52373,1.68936,1.78085,1.85497,1.92925,1.89572,1.88194,0
"DSC_9187.JPG",0.900827,1.37312,2.19063,2.61982,2.89511,2.94881,2.66597,2.2093,0.994502,3
"DSC_9179.JPG",1.06844,1.57355,2.10338,3.25446,3.63449,3.52657,2.8285,1.73878,1.52669,2
"DSC_9191.JPG",1.10426,1.24192,1.24868,1.2712,1.26588,1.22153,1.14653,1.03952,0.89192,4
"DSC_9996.JPG",1.07711,1.95651,2.24999,2.39776,2.23769,1.71349,1.6046,1.55034,1.30255,1
"DSC_9948.JPG",1.12268,1.5556,1.82146,1.98023,2.13275,2.24378,2.27535,2.24524,1.98515,3
"DSC_9169.JPG",1.18986,1.29746,0.939189,1.04081,1.09014,1.11012,1.24388,1.47061,1.64938,4
"DSC_9990.JPG",0.864549,1.24507,1.484,1.44991,1.38464,1.54231,1.8117,2.00838,1.84983,0
"DSC_9934.JPG",1.84686,2.51457,2.80273,2.77425,2.5482,2.18973,1.7541,1.46144,1.17497,2
"DSC_9878.JPG",1.17782,1.55765,1.56345,1.71472,1.56621,1.43587,1.72362,1.40109,0.998334,4
"DSC_9987.JPG",0.930083,1.32863,1.5778,2.00995,2.3056,2.35542,2.30909,2.19165,1.8018,3
"DSC_9986.JPG",0.976046,1.38792,1.5866,1.72786,1.89109,1.9811,1.95232,1.72977,1.33628,0
"DSC_0433.JPG",0.97405,1.33163,1.41502,1.34404,1.39577,1.43263,1.93614,2.12701,1.74548,0
"DSC_0008.JPG",1.43145,1.4844,1.60105,1.73203,1.87184,1.99141,1.83276,1.35175,0.578125,1
"DSC_0259.JPG",1.15304,1.61811,1.90242,2.15334,2.19658,2.05276,1.7969,1.46107,1.31688,1
"DSC_0420.JPG",0.846794,1.36359,1.67208,1.81731,1.85202,1.41918,1.4488,1.48326,1.26878,4
"DSC_0267.JPG",1.30323,1.42839,1.51155,1.65513,1.90243,2.06583,2.02699,1.80322,1.37628,0
"DSC_0373.JPG",1.18224,1.59319,1.77958,1.90632,1.98783,1.74606,1.64226,1.82184,1.46895,0
"DSC_9936.JPG",0.877231,1.30321,1.6075,1.6509,1.75072,2.01346,2.05676,1.7095,1.17221,0
"DSC_0420.JPG",0.943256,1.1107,1.21377,1.47099,1.6126,1.71888,1.70803,1.56366,1.62,0
"DSC_0433.JPG",1.24428,1.16775,1.62598,1.4491,1.18406,1.02474,1.09092,1.30358,1.24956,4
"DSC_9154.JPG",0.832792,1.30088,1.69473,2.00522,2.17967,2.24578,2.19189,1.9406,1.43972,3
"DSC_9129.JPG",0.92946,1.33446,1.54589,1.66079,1.77979,1.89034,1.91956,1.9031,1.60561,0
"DSC_9167.JPG",0.870056,1.04429,1.37142,1.72734,1.98488,2.22486,2.25587,2.04405,1.60449,0
"DSC_9145.JPG",0.693663,1.03157,1.25253,1.22523,1.23311,1.27599,1.31346,1.34069,1.37231,4
"DSC_9190.JPG",0.811198,1.51158,1.83486,1.96816,1.91229,1.77627,1.6641,1.70083,1.44722,0
"DSC_9130.JPG",1.57685,2.18696,2.36542,2.53582,2.6645,2.65553,2.2502,1.35307,0.934196,2
"DSC_9103.JPG",0.825841,1.41031,1.82034,1.94798,1.93109,1.92215,1.95221,1.77084,1.32442,0
"DSC_9150.JPG",0.937747,1.55128,1.88139,2.07252,2.11711,2.0729,1.94517,1.59964,1.08636,1
"DSC_9214.JPG",0.9499,1.098,1.41026,1.95258,1.98598,1.72393,1.7336,1.55783,1.28156,0
"DSC_9116.JPG",0.850667,1.65657,2.09146,2.24027,2.18371,1.78747,0.992003,1.19494,1.46569,1
"DSC_9147.JPG",0.973589,1.4237,1.6798,1.86874,2.03891,2.17366,2.19061,1.82719,1.09004,0
"DSC_9094.JPG",0.933999,1.54047,1.70595,1.78276,1.8847,1.9688,2.00101,1.86392,1.51895,0
"DSC_9203.JPG",0.86978,1.29283,1.81142,2.24017,2.48046,2.27685,1.84159,1.57592,1.38626,1
"DSC_9175.JPG",1.31558,1.59587,1.6996,1.76389,1.82342,1.73218,1.5199,1.26089,1.14591,1
"DSC_9267.JPG",0.937213,1.17012,1.10731,1.07539,1.17838,1.34807,1.52639,1.56264,1.26207,4
"DSC_9275.JPG",1.47318,1.85146,1.77711,1.65172,1.70501,1.84208,1.90861,1.83895,1.52171,0
"DSC_9232.JPG",0.686528,1.90633,2.3471,2.39098,2.21758,1.90143,1.60358,1.49718,1.33151,1
"DSC_9226.JPG",0.828374,1.17249,1.49348,1.69834,1.80462,1.75727,1.61022,1.56,1.05968,0
"DSC_9268.JPG",0.641219,1.77078,2.28097,2.39409,2.3824,2.35396,2.25433,2.09949,1.47576,3
"DSC_9171.JPG",1.14505,1.66071,1.9444,2.00059,1.98497,1.78265,1.46277,0.974713,0.822758,1
"DSC_9134.JPG",0.938465,1.45465,1.79604,2.09706,2.30393,2.24291,1.93204,1.41204,1.29447,1
"DSC_9212.JPG",0.781109,1.16117,1.36851,1.4056,1.38622,1.44926,1.53028,1.45507,1.27089,4
"DSC_9148.JPG",0.567752,0.717423,1.26606,2.12519,2.63493,2.6946,2.45883,2.06803,1.76236,3
"DSC_9133.JPG",0.873278,1.35691,1.5751,1.86534,2.1757,2.43856,2.55035,2.49548,1.95696,3
"DSC_9247.JPG",1.01651,1.11125,1.36465,1.6026,1.8247,2.0455,2.1798,2.02295,1.58005,0
"DSC_9205.JPG",1.04005,1.26751,1.11928,0.781438,1.02572,1.49999,1.70399,1.64262,1.44116,4
"DSC_9200.JPG",1.38385,1.1312,1.09925,1.39256,1.66576,1.69698,1.54032,1.50048,1.29352,4
"DSC_9170.JPG",0.576886,0.969911,1.50554,1.85259,1.99336,2.1417,2.33364,2.1765,1.66181,0
"DSC_9157.JPG",0.795066,1.26088,1.66147,1.79,2.11585,2.34937,2.25915,1.7331,0.843577,0
"DSC_9194.JPG",0.808187,1.07141,1.20239,1.25855,1.34115,1.44339,1.52909,1.55726,1.32151,4
"DSC_9152.JPG",1.02096,0.666852,1.12895,1.326,1.3596,1.25447,1.15813,1.3154,1.21249,4
"DSC_9195.JPG",0.776166,1.27621,1.70159,1.85066,1.80566,1.60121,1.63535,1.62104,1.33773,0
"DSC_9139.JPG",0.895864,2.67125,3.33101,3.42566,3.068,2.04622,1.05222,1.28028,1.10188,2
"DSC_9149.JPG",1.11357,1.47972,1.5846,1.7047,1.87244,1.79627,1.50597,1.0123,1.14399,4
"DSC_9230.JPG",1.71083,1.94797,1.74372,1.10986,0.983522,1.30861,1.25196,1.42508,1.10173,4
"DSC_9143.JPG",0.911419,1.49565,1.87784,2.13283,2.28744,2.45158,2.58264,2.38581,1.94327,3
"DSC_9197.JPG",1.09295,1.4896,1.61286,1.58957,1.52157,1.60417,1.64418,1.46081,0.926871,4
"DSC_9138.JPG",1.02008,1.07683,1.33107,1.52731,1.66117,1.68242,1.5783,1.53757,1.33645,4
"DSC_9155.JPG",1.09974,1.37537,1.50614,1.3532,1.13417,1.5445,1.57178,1.35257,1.06535,4
"DSC_9132.JPG",1.0111,1.37451,1.67994,1.69895,1.58189,1.59674,1.52488,1.16428,0.964807,4
"DSC_9142.JPG",0.883662,1.32943,1.50535,1.55397,1.53937,1.53815,1.55944,1.52017,1.2357,4
"DSC_9153.JPG",0.908645,1.46459,1.80114,1.95868,2.01773,2.05428,2.04756,1.78137,1.18359,0
"DSC_9213.JPG",0.694925,1.19763,1.66474,1.97969,2.11053,2.07417,1.95898,1.89896,1.53906,0
"DSC_9173.JPG",0.705217,1.33918,1.62734,1.79198,1.90963,1.95087,1.90955,1.83226,1.5219,0
"DSC_9208.JPG",0.959842,1.92244,2.3033,2.23118,1.76765,1.46075,1.5584,1.70681,1.32713,1
"DSC_9131.JPG",0.77815,1.25197,1.61988,1.85021,1.94657,1.9153,1.78464,1.74449,1.56834,0
"DSC_9146.JPG",1.08155,1.19317,1.22627,1.52773,1.68568,1.83884,2.06147,1.94732,1.15897,0
"DSC_9114.JPG",0.408909,1.50129,2.00104,1.95903,1.677,1.4164,1.17747,1.13212,1.32802,4
"DSC_9211.JPG",0.847904,0.995757,1.20591,1.14987,1.32312,1.83861,2.07911,2.1224,1.84927,0
"DSC_9135.JPG",1.05518,1.27772,1.52552,1.54827,1.44794,1.4307,1.35327,1.39128,1.39447,4
"DSC_9128.JPG",0.808168,0.884199,1.38778,1.70537,1.84327,1.80242,1.70141,1.55078,1.30017,0
"DSC_9231.JPG",1.28477,1.20694,0.9853,1.00629,1.24487,1.40893,1.507,1.36167,0.903219,4
"DSC_9413.JPG",0.835405,1.75295,2.17562,2.40933,2.46384,2.3881,2.32322,2.19008,1.44895,3
"DSC_9367.JPG",0.980642,1.62045,1.9103,2.04446,2.1039,2.10742,1.95768,1.58616,1.0971,1
"DSC_9494.JPG",1.38208,1.77406,1.79855,1.70099,1.64704,1.66628,1.4505,1.09334,1.05723,4
"DSC_9475.JPG",1.06487,1.48474,1.70246,1.80526,1.87471,1.9365,2.03586,1.97999,1.44901,0
"DSC_9701.JPG",1.10945,1.4798,1.74513,1.98363,2.03674,1.86557,1.4378,1.00589,0.837095,1
"DSC_9705.JPG",0.904917,1.32797,1.72431,1.68337,1.62105,1.64155,1.63254,1.67528,1.54623,0
"DSC_9344.JPG",1.05167,1.65219,1.91347,1.97897,1.93666,1.89283,1.90012,1.78797,1.49802,1
"DSC_9271.JPG",1.08048,1.99995,2.37381,2.3061,2.02495,1.76686,2.06047,2.0823,1.57147,1
"DSC_9626.JPG",1.20324,1.62393,1.97736,2.24208,2.39266,2.41067,2.14985,1.60721,0.976006,1
"DSC_9365.JPG",1.10001,1.63255,2.08204,2.35788,2.53811,2.70593,2.55473,2.14599,1.20426,3
"DSC_9537.JPG",1.02461,1.30429,1.71113,2.00127,2.20937,2.04783,1.72465,1.35427,1.01006,1
"DSC_9665.JPG",0.708745,1.06792,1.48267,1.56047,1.37209,1.11383,1.09422,1.06637,1.03104,4
"DSC_9678.JPG",0.787918,1.11873,1.2422,1.30641,1.3955,1.48734,1.511,1.54681,1.51379,4
"DSC_9739.JPG",2.06607,2.69872,3.07677,3.07174,2.95682,2.59938,2.07877,1.30029,1.07258,2
"DSC_9737.JPG",1.04948,1.61976,1.98849,2.11696,2.27062,2.32366,1.96001,1.49465,1.40784,1
"DSC_9689.JPG",0.739713,1.08585,1.58582,1.88677,1.67889,1.32628,1.54148,1.44318,1.22508,4
"DSC_9767.JPG",1.15502,1.8643,2.35117,2.62112,2.58697,2.18832,1.58133,0.246607,0.939559,1
"DSC_9784.JPG",0.944657,1.393,1.65672,1.87043,2.24577,2.60652,2.67934,2.49395,1.76547,3
"DSC_9652.JPG",0.867107,1.24995,1.44286,1.52727,1.56074,1.49411,1.44764,1.49068,1.43494,4
"DSC_9700.JPG",0.633166,1.12702,1.21053,1.17533,1.34988,1.57218,1.62004,1.51981,1.41431,4
"DSC_9777.JPG",0.814698,1.23418,1.51303,1.74684,1.90522,2.05712,2.19893,2.29087,1.78858,0
"DSC_9458.JPG",0.971324,1.30751,1.32331,1.34437,1.62539,1.90859,2.08658,2.09388,1.67049,0
"DSC_9316.JPG",1.39747,1.25144,0.955439,1.44738,1.68899,1.61745,1.45885,1.58438,1.68252,4
"DSC_9292.JPG",1.41143,1.62553,0.965138,1.2772,1.64056,1.80933,1.72744,1.49145,0.99373,4
"DSC_9457.JPG",2.08689,2.44633,2.6321,2.75706,2.85764,2.88297,2.48098,1.69704,1.19656,2
"DSC_9312.JPG",1.39798,1.73891,1.83686,1.79094,1.65061,1.40219,1.24662,1.06496,0.903554,4
"DSC_9359.JPG",1.05517,1.44276,1.66875,1.76808,1.82987,1.90076,1.81329,1.53934,1.12379,0
"DSC_9293.JPG",0.914927,1.26326,1.00821,0.941336,1.10374,1.18962,1.5405,1.73058,1.56863,4
"DSC_9320.JPG",1.6173,1.90524,1.73804,1.92148,2.12751,2.22503,2.18623,1.75013,0.564472,1
"DSC_9376.JPG",0.599481,0.650319,0.975635,1.29017,1.45169,1.51177,1.55547,1.5009,1.30964,4
"DSC_9360.JPG",0.852582,2.31329,2.91393,2.96561,2.33935,1.42471,1.5776,1.33529,0.968499,1
"DSC_9444.JPG",0.941788,1.38359,1.70533,1.91154,2.01475,1.98194,1.82534,1.42008,0.645867,1
"DSC_9386.JPG",1.41072,1.27319,1.43694,1.5939,1.607,1.41082,1.53829,1.32547,1.18035,4
"DSC_9723.JPG",1.04984,1.69628,2.20978,2.30331,2.17044,2.17793,2.21951,2.20316,1.73774,3
"DSC_9357.JPG",1.21229,1.70329,1.93997,1.80295,1.63812,1.80759,1.86596,1.4162,0.825372,1
"DSC_9757.JPG",0.730035,0.996483,1.46795,2.18018,2.41613,2.23824,1.72878,1.1655,1.19334,1
"DSC_9630.JPG",0.763611,1.12558,1.81425,1.95748,1.87368,1.87989,1.65256,1.81271,1.7449,0
"DSC_9736.JPG",1.04026,1.05079,1.39424,1.80433,1.87523,1.9083,2.07396,2.13754,1.71342,0
"DSC_9740.JPG",0.816975,1.34316,1.62703,1.72369,1.75573,1.64014,1.47377,1.60251,1.50213,0
"DSC_9738.JPG",0.817441,1.17345,1.76351,2.30319,2.55821,2.56362,2.21216,1.62852,1.16699,3
"DSC_9542.JPG",1.41049,1.3486,1.41121,1.18216,1.31777,1.39596,1.58347,1.50317,0.725945,4
"DSC_9646.JPG",1.09797,1.62939,2.10868,2.48055,2.67191,2.46621,2.02093,1.93912,1.35261,3
"DSC_9779.JPG",1.1366,1.53367,1.28293,2.0258,2.24432,1.94367,1.80438,1.61855,0.782741,1
"DSC_9718.JPG",1.02058,1.43588,1.58051,1.51353,1.47921,1.30463,0.947735,1.02811,1.10376,4
"DSC_9308.JPG",1.08746,1.3842,1.55106,1.67323,1.60084,1.44941,1.44197,1.28411,0.82836,4
"DSC_9388.JPG",1.11357,1.7398,2.26758,2.44083,2.0675,1.41956,1.18301,1.36944,1.0899,1
"DSC_9694.JPG",0.727695,1.07907,1.29559,1.45284,1.5702,1.6399,1.7539,1.93871,1.82502,0
"DSC_9374.JPG",0.884613,2.1631,3.067,3.31564,3.35485,3.13412,2.84536,2.17836,1.78988,2
"DSC_9733.JPG",0.846399,1.2183,1.45453,1.37089,1.21473,1.25732,1.32728,1.39547,1.31112,4
"DSC_9772.JPG",1.0289,1.42007,1.70202,1.83887,1.80979,1.62996,1.46161,1.39051,1.0865,4
"DSC_9746.JPG",0.980278,1.6604,2.03809,2.04677,1.82671,1.70751,1.87553,1.75671,1.21147,1
"DSC_9266.JPG",1.04868,1.4081,1.67102,1.77432,1.75625,1.74214,1.79404,1.99471,1.74146,0
"DSC_9735.JPG",1.26779,1.72696,1.79335,1.65964,1.53842,1.55573,1.22068,1.06392,1.06554,4
"DSC_9693.JPG",1.04398,1.87218,2.03466,2.20064,2.43101,2.32062,2.03491,1.78523,1.02289,1
"DSC_9690.JPG",0.86451,1.35405,1.8344,1.95427,1.90058,1.98702,2.17667,2.10462,1.59344,0
"DSC_9659.JPG",1.19959,1.42833,1.22132,1.28324,1.31765,1.20032,1.26346,1.17562,1.1488,4
"DSC_9744.JPG",1.00659,1.35592,1.60627,2.04743,2.22868,2.01666,1.74623,1.66812,1.34972,0
"DSC_9763.JPG",1.15037,1.57436,1.76288,1.64307,1.45706,1.63814,1.69584,1.41341,1.04702,4
"DSC_9761.JPG",1.32422,1.68047,1.904,1.97451,1.71663,1.11022,0.96541,1.11514,1.30696,4
"DSC_9695.JPG",0.610988,1.1895,1.58584,1.84726,2.01087,1.9776,1.83527,1.82436,1.68097,0
"DSC_9768.JPG",0.925409,1.1486,1.30212,1.42384,1.54678,1.65808,1.76971,1.80206,1.55146,0
"DSC_9433.JPG",1.13639,1.63782,1.71181,1.66391,1.58165,1.89533,2.06849,2.10961,1.85227,0
"DSC_9307.JPG",1.30325,1.72614,1.94437,2.06314,2.20897,2.34809,2.34593,2.07441,1.42646,3
"DSC_9356.JPG",0.919923,1.13794,1.29123,1.45542,1.56783,1.64487,1.72828,1.61643,1.33554,0
"DSC_9372.JPG",1.19848,2.34601,2.77195,3.07243,3.15874,3.05449,2.74574,2.2705,1.47051,2
"DSC_9456.JPG",0.758982,1.36354,2.17659,2.528,2.54974,2.39884,2.17785,1.842,1.27583,3
"DSC_9355.JPG",0.824555,1.06942,1.3386,1.51076,1.52433,1.59671,1.70775,1.73078,1.39769,0
"DSC_9294.JPG",0.918696,1.23664,1.44686,1.51151,1.42063,1.21067,1.21419,1.14331,1.19205,4
"DSC_9323.JPG",1.03885,1.84066,2.10134,2.16056,2.20411,2.13837,2.0059,1.95719,1.63105,3
"DSC_9325.JPG",0.945357,1.60913,1.84434,1.83115,1.81327,1.84928,1.85535,1.76665,1.59486,0
"DSC_9309.JPG",1.11787,1.62761,1.78348,1.87405,2.06772,2.21198,2.27614,2.21297,1.71867,3
"DSC_9342.JPG",0.827802,1.20127,1.44335,1.74078,1.77911,1.57525,1.44993,1.12027,1.04635,4
"DSC_9318.JPG",0.838946,1.19283,1.55562,1.76596,1.85452,1.90051,1.94283,1.97657,1.58762,0
"DSC_0290.JPG",0.576654,0.871723,2.14432,2.63288,2.87316,2.68245,2.39874,1.94487,1.60352,3
"DSC_9398.JPG",0.962894,1.18265,1.33136,1.67011,1.98525,1.62964,1.3466,1.12344,1.24027,4
"DSC_9301.JPG",0.954904,1.58728,1.86789,1.63174,1.43463,1.44778,1.73089,1.8261,1.06631,4
"DSC_9425.JPG",0.975559,1.39512,1.60979,1.67553,1.76466,1.89999,1.7595,1.44237,1.03587,0
"DSC_9302.JPG",0.785447,1.22308,1.4258,1.57785,1.714,1.54794,1.11467,1.25739,1.26022,4
"DSC_9296.JPG",0.658051,1.26094,1.55853,1.74782,1.88511,1.94907,1.92591,1.78516,1.499,0
"DSC_9471.JPG",0.995083,1.07361,1.03179,1.25019,1.37083,1.33057,1.50537,1.42153,1.16666,4
"DSC_9383.JPG",1.10261,1.38865,1.63577,1.4815,1.72262,2.12313,2.24903,2.13228,1.67573,0
"DSC_0254.JPG",1.41872,1.58528,1.46331,1.34209,1.414,1.03016,1.18762,1.46353,1.25076,4
"DSC_0214.JPG",1.40367,1.54759,1.613,1.62736,1.51127,0.888497,1.20081,1.30703,1.23226,4
"DSC_0296.JPG",1.69467,1.62112,1.4642,2.01591,1.49067,1.41296,1.58911,1.41248,1.25609,4
"DSC_0283.JPG",0.66965,1.11187,1.62179,1.92387,1.86207,1.70687,1.68428,1.49528,1.18033,0
"DSC_0412.JPG",0.902294,1.10988,1.46304,1.42544,1.04318,1.09717,1.12683,1.156,1.14605,4
"DSC_0412.JPG",0.428374,0.611985,1.51004,1.91962,2.05345,2.01769,1.93605,1.91611,1.79443,0
"DSC_0423.JPG",1.00853,1.29911,1.55876,1.98266,1.99687,1.84411,1.98656,2.23659,2.42103,0
"DSC_0228.JPG",0.773093,1.43399,1.45337,0.781019,1.00232,1.45641,1.65236,1.91106,1.46798,4
"DSC_0263.JPG",1.00254,1.49394,1.30668,1.46358,1.70235,1.81274,1.84909,1.54117,0.742528,4
"DSC_0278.JPG",0.888581,1.7356,1.82508,1.91679,2.11312,2.27379,2.28654,2.10673,1.65406,3
"DSC_0286.JPG",1.06587,1.21462,1.23082,1.4087,1.22398,1.34282,1.336,1.74243,1.63016,4
"DSC_0442.JPG",0.831827,1.49539,1.85014,2.1007,2.24298,2.32669,2.45461,2.46446,2.08463,3
"DSC_0244.JPG",0.74122,1.14301,1.26359,1.36119,1.49509,1.68102,1.86048,1.99134,1.83086,0
"DSC_0245.JPG",0.772666,1.78605,2.39148,2.55022,2.54205,2.44508,2.25648,1.84386,0.854631,2
"DSC_0287.JPG",1.28424,1.86567,1.99798,2.15695,2.24801,2.14595,2.05668,1.97318,1.53643,3
"DSC_0457.JPG",0.883363,0.86123,1.04639,1.28841,1.45946,1.62559,1.74573,1.7786,1.74628,0
"DSC_0456.JPG",1.26181,1.99938,2.42029,2.62011,2.61254,2.40937,2.08054,1.48291,0.525487,2
"DSC_0360.JPG",0.812438,1.5418,2.21846,2.343,2.44385,2.48408,2.12904,1.7474,1.38587,3
"DSC_0217.JPG",0.77181,1.31073,1.55525,1.64846,1.6265,1.51043,1.3449,1.2624,1.14359,4
"DSC_0280.JPG",0.701785,1.07718,1.37231,1.4477,1.44306,1.46036,1.51659,1.51119,1.20905,4
"DSC_0388.JPG",0.850893,1.00703,1.44529,2.22051,2.4673,2.52987,2.56873,2.55712,2.17696,3
"DSC_0442.JPG",0.838319,1.6052,1.78862,1.6188,1.60978,1.83005,2.08468,1.43279,0.833598,0
"DSC_0268.JPG",0.866384,1.40518,1.84784,2.2154,2.26867,2.11091,1.48624,1.12731,1.15225,1
"DSC_9531.JPG",1.04686,1.09712,1.03734,1.26144,1.46551,1.53529,1.44014,1.25962,1.06175,4
"DSC_9562.JPG",1.4415,1.96596,2.03805,2.03354,2.18328,2.16706,1.89731,1.63649,1.46413,1
"DSC_9607.JPG",1.39323,2.21911,2.60338,2.6544,2.35591,1.51824,1.25386,1.53002,1.77414,1
"DSC_9160.JPG",1.43372,1.71134,1.93975,2.00631,1.92737,1.80769,1.58094,1.3458,1.27483,1
"DSC_9637.JPG",1.03741,1.68777,2.04725,2.17282,2.07913,2.04238,1.9018,1.71316,1.38194,1
"DSC_9596.JPG",1.59174,1.98999,2.06941,1.76471,1.41516,1.80335,2.14468,1.99372,1.40752,1
"DSC_9648.JPG",0.654389,0.973799,1.52285,1.77206,1.82886,1.80992,1.83572,1.88114,1.88849,0
"DSC_0335.JPG",1.33605,1.69709,1.81947,1.79503,1.41359,1.19178,1.32476,1.03388,1.47568,4
"DSC_0282.JPG",1.21348,1.80366,1.80417,1.67682,1.46445,1.41296,1.502,1.35654,0.896281,4
"DSC_0349.JPG",1.07317,1.90563,2.24109,2.38838,2.35146,2.32259,2.45108,2.52662,1.94973,3
"DSC_0260.JPG",1.19151,1.81254,1.92585,1.95822,2.02853,1.88062,1.75137,1.64829,1.18646,1
"DSC_0212.JPG",0.720013,1.11039,1.54668,1.59894,1.4372,1.5356,1.60154,1.64406,1.66883,0
"DSC_9533.JPG",1.28146,1.77025,1.94234,1.7759,1.39301,0.97029,1.12672,1.38778,1.38966,4
"DSC_9722.JPG",0.941484,1.14815,1.0871,1.21412,1.64514,1.98123,2.18845,2.34284,2.0116,0
"DSC_9493.JPG",0.904693,0.977814,1.13394,1.34043,1.39068,1.42954,1.49753,1.55446,1.5958,4
"DSC_9663.JPG",1.428,1.78428,1.86991,2.02861,2.31058,2.49387,2.4525,2.20668,1.46436,3
"DSC_9747.JPG",1.2907,1.50788,1.58228,1.68528,1.69163,1.65734,1.52385,1.33061,1.33263,4
"DSC_9489.JPG",1.33058,1.44007,1.35131,1.26181,1.70359,1.78785,1.8119,1.88368,1.64132,0
"DSC_9508.JPG",1.19369,1.64158,1.57422,1.47515,1.49957,1.51502,1.50974,1.5194,1.16118,4
"DSC_9527.JPG",1.07227,1.31385,1.40773,1.56615,1.68984,1.71529,1.66305,1.47144,1.13209,4
"DSC_9755.JPG",1.08549,1.46053,1.60878,1.97537,2.196,2.01091,1.5343,1.46586,1.07478,1
"DSC_9496.JPG",0.825655,1.09966,1.33999,1.52081,1.66151,1.80165,1.82967,1.73532,1.3918,0
"DSC_9478.JPG",1.11578,1.36083,1.31249,1.27798,1.2286,1.21183,1.30546,1.19768,1.0532,4
"DSC_9608.JPG",1.23173,1.29882,1.28307,1.32657,1.35735,1.35857,1.36655,1.26183,1.12717,4
"DSC_9714.JPG",1.12318,1.44958,1.7142,1.83822,1.91062,1.98576,1.98209,1.84817,1.59231,0
"DSC_9479.JPG",1.39164,1.97646,2.11548,2.23595,2.39413,2.43921,2.30918,2.01287,0.146563,1
"DSC_9564.JPG",1.04195,1.34351,1.49666,1.75245,1.99237,2.03056,1.85795,1.56625,1.37053,0
"DSC_9550.JPG",0.875498,0.898754,1.18329,1.51191,1.8231,1.95801,1.96782,1.8994,1.64706,0
"DSC_9589.JPG",0.950148,1.48601,1.62756,1.58393,1.54981,1.47151,1.4902,1.55983,1.47135,4
"DSC_9606.JPG",1.30304,1.19752,0.973311,1.26131,1.49335,1.59295,1.51712,1.20337,0.754966,4
"DSC_9464.JPG",0.888374,1.21586,1.43744,1.6702,1.89051,1.98641,1.8749,1.60764,1.10758,0
"DSC_9461.JPG",0.813071,1.25212,1.61816,1.81383,1.98173,1.85285,1.39846,1.41931,1.36427,0
"DSC_9465.JPG",1.09337,1.71578,1.91154,2.01663,2.21599,2.30564,2.10817,1.55411,0.923711,1
"DSC_9518.JPG",1.2184,1.23861,1.29514,1.31297,1.23335,1.04691,0.902901,1.05503,0.89539,4
"DSC_9728.JPG",0.949804,1.52239,1.92853,2.02388,1.99645,1.83895,1.54713,0.998263,0.816653,1
"DSC_9662.JPG",1.16266,1.26233,1.35416,1.16274,1.02074,1.08427,1.17781,1.31839,1.4949,4
"DSC_9649.JPG",0.772621,1.13284,1.44267,1.68584,1.82352,1.88496,1.88959,1.77974,1.4721,0
"DSC_9615.JPG",0.612003,1.18975,1.51814,1.71813,1.79129,1.84018,1.83288,1.69263,1.2431,0
"DSC_9470.JPG",1.23923,1.68705,1.95584,2.22809,2.42824,2.53908,2.49275,2.28844,1.70719,3
"DSC_9539.JPG",0.651354,0.82617,1.17172,1.36927,1.66297,1.90125,2.07524,1.99915,1.64989,0
"DSC_9115.JPG",0.980993,1.38317,1.36972,1.36752,1.44889,1.50589,1.79578,1.99184,1.95386,0
"DSC_9575.JPG",1.05723,1.56406,1.64795,1.38724,1.05356,1.56973,1.89466,1.98874,1.63756,0
"DSC_9593.JPG",0.785084,1.36582,1.68938,1.86919,1.91921,1.90948,1.83903,1.64789,1.39636,0
"DSC_9634.JPG",1.19268,1.25163,1.20655,1.13629,1.03351,0.959571,1.0037,1.13262,1.10555,4
"DSC_9616.JPG",0.849108,0.793236,1.2207,1.52232,1.7621,1.8962,1.89076,1.73328,1.3874,0
"DSC_9688.JPG",0.973285,1.32957,1.41362,1.63343,1.89914,1.67021,1.53692,1.43086,1.01636,4
"DSC_9654.JPG",1.06163,1.14194,1.48078,1.74977,1.83807,1.73613,1.61811,1.49076,1.1372,0
"DSC_9498.JPG",1.77991,2.26583,2.07121,1.81048,2.00495,2.12748,1.94176,1.58507,1.17094,1
"DSC_9509.JPG",0.773305,1.39852,1.60297,1.75903,1.83641,1.86041,1.8815,1.80716,1.43103,0
"DSC_9620.JPG",1.09439,1.10448,1.45438,1.60366,1.61247,1.64666,1.34715,1.00553,1.04574,4
"DSC_9674.JPG",0.956837,1.431,1.6367,1.75419,1.68159,1.48057,1.30567,1.0901,0.979286,4
"DSC_9636.JPG",1.79428,2.13209,2.1471,2.18653,2.18032,2.11351,2.07242,1.99189,1.63067,1
"DSC_9614.JPG",0.953607,1.28485,1.47234,1.63141,1.71559,1.82485,1.93817,2.05333,1.83475,0
"DSC_9605.JPG",1.5318,1.6638,1.40947,1.50364,1.64311,1.76029,1.65223,1.55983,1.28386,4
"DSC_9612.JPG",0.645466,1.03023,1.11835,1.09456,1.2697,1.50946,1.70485,1.81747,1.87263,0
"DSC_9619.JPG",1.40262,1.98873,2.22484,2.30679,2.30696,2.35248,2.33116,1.79695,1.01403,1
"DSC_9303.JPG",0.733808,1.26829,1.40318,1.27973,1.36061,1.37848,1.07474,0.927706,0.977735,4
"DSC_9455.JPG",0.719525,1.20836,1.64685,1.54443,1.34049,1.58312,1.70538,1.62985,1.39889,0
"DSC_9490.JPG",0.747553,1.34391,1.61465,1.71358,1.8429,2.01927,1.95669,1.34496,0.705971,0
"DSC_9460.JPG",0.918733,1.26472,1.41251,1.51478,1.52356,1.39938,1.36788,1.3829,1.10325,4
"DSC_9769.JPG",0.973325,0.986713,1.21414,1.13131,1.18083,1.43059,1.50669,1.56416,1.42887,4
"DSC_9354.JPG",1.09334,1.40446,1.63851,1.99543,2.25772,2.23958,1.75736,0.750661,0.822193,1
"DSC_9563.JPG",1.11193,0.876385,0.921339,1.29057,1.49111,1.57918,1.64785,1.49117,1.11217,4
"DSC_9486.JPG",0.742581,1.20488,1.33869,1.18683,1.32165,1.58963,1.5133,1.56723,1.63865,4
"DSC_9586.JPG",1.10088,1.77538,1.82608,1.52314,1.47,1.51799,1.50457,1.354,0.956972,4
"DSC_9702.JPG",0.908212,1.08457,1.43147,1.70464,1.819,1.83218,1.81294,1.72933,1.4417,0
"DSC_9480.JPG",1.48969,1.68198,1.19433,1.21045,1.36824,1.4107,1.53504,1.68117,1.52867,4
"DSC_9517.JPG",0.969468,0.835298,0.911139,1.08244,1.13286,1.36967,1.52392,1.34967,1.1117,4
"DSC_9717.JPG",0.73068,0.988613,1.18981,1.28375,1.51223,1.67282,1.76751,1.89834,1.78662,0
"DSC_9105.JPG",0.841869,1.74349,2.18401,2.34861,2.30203,2.04995,1.57525,1.34391,1.28768,1
"DSC_9535.JPG",1.01263,1.31521,1.73004,1.74821,1.74285,2.06688,2.22114,1.90224,1.27047,0
"DSC_9530.JPG",1.03463,1.602,1.93151,1.94539,1.73912,1.50977,1.48443,1.30316,0.912095,1
"DSC_9532.JPG",0.809912,0.73625,1.24143,1.58432,1.9131,2.0476,1.96834,1.7517,1.26175,0
"DSC_9488.JPG",0.992141,1.66201,2.08479,2.09791,1.81392,1.3313,1.35541,1.28045,0.890437,1
"DSC_9621.JPG",0.917175,1.26359,1.40197,1.4555,1.61751,1.66161,1.56266,1.61399,1.49449,0
"DSC_9625.JPG",0.527613,1.15497,1.48736,1.78416,1.99331,2.11858,2.08783,1.95217,1.30999,0
"DSC_9687.JPG",0.818997,1.55266,1.63314,1.72547,1.81111,1.79085,1.7399,1.83026,1.4722,0
"DSC_9503.JPG",0.933313,1.19803,1.50892,1.761,1.8519,1.95078,2.01262,1.85484,1.34972,0
"DSC_9686.JPG",1.29955,1.2467,0.887531,0.85102,1.08341,1.35827,1.11496,1.15158,1.18312,4
"DSC_9657.JPG",1.32894,1.44279,1.54902,1.59594,1.61291,1.5401,1.51823,1.16107,0.564323,4
"DSC_9524.JPG",1.52795,1.97889,1.9659,1.86065,1.73827,1.61515,1.92946,2.0843,1.69284,0
"DSC_9463.JPG",1.07706,1.36211,1.86227,1.70985,0.940457,1.03877,1.35026,1.17884,0.852498,4
"DSC_9699.JPG",0.946198,1.02147,1.38037,1.76763,2.06864,2.30128,2.33498,2.17028,1.73694,0
"DSC_9594.JPG",1.03638,1.40888,1.75587,1.80491,1.60036,1.58321,1.88605,1.86622,1.33775,0
"DSC_0817.JPG",0.901546,1.11641,1.41867,1.63439,1.72455,1.51886,1.64557,1.81203,1.6513,0
"DSC_0699.JPG",0.776633,1.10127,1.38673,1.87688,2.13452,2.16321,2.04934,1.61175,1.21784,0
"DSC_0846.JPG",0.762007,1.15944,2.03925,2.53552,2.78774,2.62739,2.32735,2.41428,2.18653,3
"DSC_0694.JPG",1.18255,1.19425,1.30018,1.5935,1.79975,1.87573,1.98476,2.12157,1.94911,0
"DSC_0702.JPG",1.32918,1.00788,1.20978,1.35763,1.60303,1.69675,1.65126,1.51523,1.08361,4
"DSC_0642.JPG",0.709566,0.806015,1.67875,1.85314,1.61367,1.64682,1.60447,1.19939,0.964882,4
"DSC_0680.JPG",0.898775,1.19077,1.42907,1.58583,1.69827,1.69345,1.59441,1.59275,1.35501,0
"DSC_0965.JPG",0.846255,1.32964,1.82934,2.53548,2.87341,2.9263,2.50513,1.55107,0.804756,3
"DSC_0916.JPG",0.787192,1.57053,1.67971,1.46362,1.55824,1.80358,1.97334,1.95252,1.50873,0
"DSC_0701.JPG",1.23218,0.903642,1.10936,1.27334,1.42769,1.52409,1.53234,1.38316,1.24285,4
"DSC_0724.JPG",0.895411,1.14449,1.4116,1.51945,1.48764,1.44819,1.46564,1.42424,1.45993,4
"DSC_0755.JPG",0.465816,1.3794,1.91511,1.89913,1.81734,1.844,1.65914,1.76173,1.48131,0
"DSC_0771.JPG",0.82951,1.36943,1.64483,1.96206,2.18544,2.20482,2.29258,2.1171,1.24509,3
"DSC_0651.JPG",1.12761,1.89322,1.92512,1.70333,1.4794,1.40262,1.49603,1.54697,1.46615,4
"DSC_0630.JPG",1.53592,1.89013,1.69847,1.56467,1.52066,1.43711,1.36937,1.13526,1.13614,4
"DSC_0626.JPG",0.692752,1.81718,2.17468,2.18199,2.09103,2.01414,1.79819,1.37632,1.25383,1
"DSC_0854.JPG",0.933949,1.07319,1.25558,1.51628,1.82751,1.94871,1.94325,1.7508,1.35147,0
"DSC_0645.JPG",1.12509,1.55892,1.8492,2.00714,2.07857,2.17906,2.0951,1.91891,1.72027,3
"DSC_0760.JPG",0.803643,1.48633,2.0084,2.22514,2.22978,2.03521,1.74035,1.5637,1.51536,1
"DSC_0602.JPG",0.701564,1.24148,1.70722,2.06912,2.53275,2.94502,3.09636,2.82137,2.0116,3
"DSC_0647.JPG",0.610456,1.00036,1.54187,2.07107,2.41668,2.3262,2.17993,2.31873,1.99236,3
"DSC_0631.JPG",0.85495,1.59848,1.92077,2.10622,2.32357,2.57182,2.59081,2.29664,1.7882,3
"DSC_0604.JPG",1.48796,1.76438,1.91639,2.03041,2.07226,1.79782,1.2384,1.27359,1.11845,1
"DSC_0991.JPG",0.719918,1.00455,1.51542,1.51224,1.43644,1.4628,1.40358,1.26988,1.18288,4
"DSC_1061.JPG",0.942731,1.08047,1.53717,1.81139,1.77766,1.67601,1.6529,1.72659,1.55232,0
"DSC_1021.JPG",0.897259,1.25009,1.685,1.8431,1.72015,1.71308,1.70224,1.44394,1.05409,0
"DSC_1006.JPG",1.62499,2.03923,1.85405,1.16164,1.19858,1.46627,1.42645,1.33036,1.11275,4
"DSC_1057.JPG",0.669344,0.659655,1.08029,1.23599,1.16474,1.36423,1.5547,1.68576,1.6528,4
"DSC_0978.JPG",1.06407,1.0128,0.906319,1.37877,1.85786,2.01917,1.89594,1.63171,1.04934,0
"DSC_0661.JPG",1.17307,1.75892,1.9075,1.93493,1.9619,1.69375,1.43202,1.4012,1.34919,1
"DSC_0653.JPG",1.66727,2.39155,2.80733,2.95145,2.81779,2.43716,2.12772,1.81585,1.1143,2
"DSC_0674.JPG",1.25443,1.26857,1.05957,1.64754,1.98834,2.06471,1.98756,1.70041,1.29293,0
"DSC_1007.JPG",0.977858,1.19773,1.49553,1.94701,2.28913,2.46067,2.55581,2.49823,1.91339,3
"DSC_1030.JPG",0.976601,1.46201,1.7935,1.81158,1.75121,1.89011,2.28083,2.63158,2.30171,3
"DSC_0984.JPG",1.13824,2.14176,2.5779,2.7596,2.50236,1.91592,1.91911,1.86035,1.02285,2
"DSC_0689.JPG",1.06096,1.5669,1.70171,1.84789,2.0692,2.28683,2.25154,2.00589,1.56573,3
"DSC_0993.JPG",1.84668,2.56813,2.79818,2.6489,2.27195,2.09088,2.23302,2.11329,1.73104,2
"DSC_0977.JPG",0.574581,1.70945,2.12066,2.35322,2.47117,2.40567,2.10093,1.6523,1.36158,3
"DSC_0992.JPG",1.26834,2.00796,1.76506,1.43959,1.79099,2.20111,2.34593,2.15953,1.51465,0
"DSC_0668.JPG",1.26768,0.769941,1.68311,2.02708,1.88127,1.86734,1.76984,1.35216,1.27612,0
"DSC_0659.JPG",1.56714,1.32687,1.27188,1.43485,1.56908,1.48681,1.22797,1.15113,0.882031,4
"DSC_0652.JPG",1.52043,2.03515,1.91651,1.55631,1.66468,1.62672,1.77149,1.95352,1.70756,0
"DSC_0690.JPG",1.10996,1.71075,2.05361,2.14582,2.17444,2.22319,2.2766,2.15014,1.57804,3
"DSC_0685.JPG",0.92474,1.55427,1.74666,1.55884,1.46415,1.54631,1.61603,1.63771,1.43693,4
"DSC_0966.JPG",0.896515,1.04591,1.31512,1.33134,1.24192,1.29098,1.3459,1.41167,1.23751,4
"DSC_0120.JPG",1.103,1.65452,2.05888,2.17489,2.1192,2.15905,2.02048,1.59307,1.16598,1
"DSC_0061.JPG",1.48741,1.65891,1.04069,1.57074,1.4633,1.07506,1.27501,1.38291,1.3846,4
"DSC_0067.JPG",1.20426,1.33093,1.39489,1.28107,1.24898,1.40063,1.38735,1.41731,1.40123,4
"DSC_0131.JPG",0.767147,1.72222,1.84647,1.8984,2.57947,2.99293,2.89005,2.27786,1.3895,3
"DSC_0104.JPG",1.45173,1.77363,1.29977,1.70659,1.94089,1.67524,1.31833,1.65713,1.85074,4
"DSC_0057.JPG",0.745892,1.07293,2.24071,2.47955,2.14704,1.83737,2.39208,2.44121,1.7114,3
"DSC_0084.JPG",1.17174,1.27012,1.2532,1.20184,1.30019,1.46715,1.55282,1.40637,1.09223,4
"DSC_0088.JPG",0.710071,1.14896,1.28751,1.4243,1.6626,1.88063,2.02297,2.17492,2.17272,0
"DSC_0056.JPG",0.492205,1.32256,2.23212,2.71912,3.07658,3.37517,3.60823,3.2879,2.51494,3
"DSC_0467.JPG",1.15242,1.3818,1.40087,1.38878,1.65627,1.35581,1.15888,1.14514,1.12116,4
"DSC_0062.JPG",1.29199,1.52628,1.41517,1.53252,1.53116,1.555,1.60669,1.45152,1.04194,4
"DSC_0059.JPG",0.876603,1.20472,1.58927,2.08315,2.35902,2.18209,1.76482,1.11409,0.995362,1
"DSC_0117.JPG",1.13268,1.66823,1.95631,2.00726,1.81568,1.55284,1.40367,0.454959,1.44295,1
"DSC_0081.JPG",0.986554,1.42921,1.57794,1.82832,1.99472,1.99602,1.86214,1.57117,1.16202,0
"DSC_0070.JPG",0.897471,1.08424,1.39884,1.77647,2.16055,2.24677,2.03759,1.48959,1.01353,0
"DSC_0142.JPG",1.79994,2.34722,2.37322,1.88961,1.80802,1.77943,1.60577,0.978353,0.829929,1
"DSC_0043.JPG",0.797116,1.78623,2.42132,2.78881,3.01283,2.89999,2.49416,1.63335,0.975562,2
"DSC_0053.JPG",1.32848,1.16356,1.38574,1.87978,1.94351,1.66236,1.19918,1.31734,1.63042,4
"DSC_0187.JPG",1.08539,1.01967,1.14425,1.30028,1.38169,1.31709,1.2733,1.41413,1.42452,4
"DSC_0082.JPG",1.06097,1.95877,2.00812,1.97367,2.22355,2.49112,2.68882,2.51223,1.79108,3
"DSC_0083.JPG",0.435809,0.774666,1.61405,2.33094,2.64773,2.77751,2.75202,2.45282,1.88369,3
"DSC_0141.JPG",0.992393,1.95411,2.29208,2.32826,2.19057,2.1942,2.33887,2.27388,1.83738,3
"DSC_0174.JPG",1.19332,3.00143,3.61914,3.68528,3.37397,2.45757,1.54129,1.39054,1.09613,2
"DSC_0836.JPG",1.25932,2.28588,2.43512,2.16869,1.67853,1.62418,1.17646,0.627864,0.588505,1
"DSC_0871.JPG",1.19339,1.57433,1.72487,1.9515,1.94129,1.68538,1.4282,1.37683,0.760474,1
"DSC_0837.JPG",2.00882,2.33704,2.16481,1.92728,1.67923,1.40732,1.56022,1.41484,1.19796,1
"DSC_0703.JPG",1.31656,1.94931,2.16627,2.29478,2.32465,2.27037,2.1765,2.03311,1.47287,3
"DSC_0634.JPG",0.550995,1.09125,1.63708,1.86308,1.99335,2.09624,2.12296,2.06959,1.62689,0
"DSC_0900.JPG",0.440666,1.39913,2.03213,2.3269,2.49656,2.50013,2.36658,2.01611,1.4415,3
"DSC_0098.JPG",0.185276,1.72574,2.34013,2.45022,2.45001,2.30276,1.89903,1.49701,1.57535,3
"DSC_0628.JPG",1.46138,1.90651,1.82011,1.50601,1.38998,1.45169,1.53322,1.69175,1.80254,4
"DSC_0621.JPG",1.00171,1.67903,1.84191,1.95102,2.15275,2.19289,1.92937,1.63758,1.42926,1
"DSC_0987.JPG",0.833885,1.91866,2.10788,2.17112,2.3049,2.28748,1.7873,1.0223,1.16729,1
"DSC_0808.JPG",0.865833,0.907007,1.42926,1.65576,1.63438,1.61345,1.57868,1.47861,1.33593,4
"DSC_0913.JPG",1.03051,1.61811,1.10724,1.48937,1.88367,1.83339,1.66584,1.55048,0.744958,4
"DSC_0831.JPG",1.64432,1.76502,1.57368,1.64436,1.70316,1.8198,1.90266,1.63935,0.947831,1
"DSC_0970.JPG",0.864942,1.82055,1.8021,1.37915,1.23405,1.97903,2.32897,2.27194,1.70299,0
"DSC_0975.JPG",0.925113,1.5798,1.75192,1.83456,2.00363,2.24225,2.30008,2.1372,1.61774,3
"DSC_0627.JPG",1.52144,1.16904,1.12323,1.19253,1.2511,1.26371,1.43595,1.7176,1.67325,4
"DSC_0897.JPG",0.935911,1.44639,1.81617,1.95478,2.02438,2.1217,2.20692,2.06711,1.56245,3
"DSC_0644.JPG",1.04433,1.62755,2.00738,2.1291,2.0861,1.9048,1.64362,1.49205,1.27411,1
"DSC_0868.JPG",0.743813,1.23332,1.5325,1.82915,2.11305,2.24234,2.2431,1.97625,1.08639,0
"DSC_0624.JPG",0.951395,1.71202,1.88838,1.81906,1.78158,1.75489,1.62726,1.31089,1.30977,1
"DSC_0667.JPG",0.730028,0.912042,1.2012,1.41409,1.57581,1.71031,1.83037,1.78865,1.41181,0
"DSC_0850.JPG",1.13918,1.43883,1.88449,1.93498,1.85368,1.78071,1.66416,1.31648,1.14884,1
"DSC_0941.JPG",1.87676,2.51668,2.50265,2.23764,1.95888,1.7686,1.53901,1.37531,1.1077,1
"DSC_0136.JPG",1.47799,1.77488,1.7551,1.42486,1.5432,1.59368,1.26488,0.847718,0.646655,4
"DSC_0138.JPG",1.47608,1.72683,1.79502,1.95878,1.98455,2.03358,2.05566,1.71381,1.36333,1
"DSC_0123.JPG",1.33639,1.64354,1.79812,1.89883,2.04373,2.14707,2.18348,2.17128,1.9332,3
"DSC_0188.JPG",1.29237,1.58485,1.31979,1.46317,1.62301,1.78338,1.89202,1.77372,0.726685,4
"DSC_0601.JPG",1.27773,2.02338,2.29935,2.37937,2.0023,0.994965,0.945625,1.13856,1.26762,1
"DSC_0343.JPG",0.980035,1.65125,1.84496,1.65525,1.31183,1.50336,1.65052,1.62566,1.5388,4
"DSC_0183.JPG",0.757902,1.32774,1.75766,1.81247,1.64527,1.47265,1.46809,1.42832,1.25725,4
"DSC_0866.JPG",1.5238,1.71224,1.51509,1.44733,1.55601,1.81738,2.25019,2.5449,2.26727,0
"DSC_0164.JPG",1.72383,2.16824,1.94715,1.66322,1.60242,1.23994,1.29393,1.06985,1.01571,4
"DSC_0464.JPG",1.84135,2.35477,2.15741,1.48409,1.25973,1.70581,1.75903,1.36788,0.988873,1
"DSC_0253.JPG",0.766153,1.26783,1.58765,1.77164,1.86533,1.99007,2.04596,1.97476,1.47557,0
"DSC_0155.JPG",0.939239,1.28974,1.48276,1.50554,1.47229,1.45906,1.40473,1.34775,1.26388,4
"DSC_0464.JPG",1.1039,1.65134,1.91383,2.0392,2.30029,2.42386,1.25517,1.09347,1.2896,1
"DSC_0845.JPG",0.958995,1.64641,1.99183,2.15725,2.12271,1.74265,0.857078,0.885969,0.795456,1
"DSC_0613.JPG",0.977995,1.28576,1.74329,1.99833,1.9357,1.5174,1.46605,1.40085,0.663832,1
"DSC_0639.JPG",1.41759,1.94795,2.14067,2.24256,2.34389,2.27732,1.85039,0.809999,0.337179,1
"DSC_0615.JPG",1.48679,1.81075,1.95325,1.82209,1.86831,1.82791,1.38864,0.934518,1.01222,1
"DSC_1000.JPG",1.99524,2.40096,2.17285,1.94822,1.74513,1.50489,1.64612,1.53368,1.09727,1
"DSC_0611.JPG",1.52654,1.81202,1.38901,1.36109,1.63043,1.81544,1.86354,1.68608,1.19973,4
"DSC_0606.JPG",1.4863,1.3362,1.02769,1.24211,1.53597,1.67872,1.77628,1.76123,1.41916,4
"DSC_0887.JPG",1.47023,1.90516,2.10968,2.29666,2.30046,2.06341,1.73001,1.14614,0.900445,1
"DSC_1031.JPG",0.986746,1.83321,2.23579,2.29804,2.21844,2.08485,1.78468,1.23076,0.88492,1
"DSC_1029.JPG",1.10844,1.42326,1.39033,1.17462,1.36789,1.3825,1.35021,1.36643,1.40387,4
"DSC_1067.JPG",1.03504,1.30823,1.42788,1.54376,1.62277,1.66663,1.65922,1.5705,1.44081,0
"DSC_1026.JPG",1.27688,1.61064,1.70224,1.86782,2.08463,1.9052,1.45709,1.62213,0.862774,1
"DSC_1028.JPG",0.381839,1.47993,2.12143,2.58279,2.79063,2.79945,2.5534,1.9527,1.03869,3
"DSC_1068.JPG",0.88641,1.20655,1.52778,1.66705,1.76498,1.77255,1.68741,1.65502,1.57502,0
"DSC_0933.JPG",1.18831,1.74844,2.05031,2.11678,2.03145,1.82202,1.23404,0.949674,0.729153,1
"DSC_0686.JPG",1.19076,1.10742,0.928595,1.2938,1.26377,1.38247,1.55858,1.65229,1.51473,4
"DSC_0960.JPG",0.709038,1.48834,2.05389,2.07237,1.85738,1.68127,1.41598,1.39687,1.42448,1
"DSC_0867.JPG",1.35903,1.43774,1.21153,1.77045,1.93011,2.08858,2.34222,2.16052,1.31714,0
"DSC_0844.JPG",1.12799,1.821,2.01752,1.69913,1.08752,1.31158,1.63457,1.67309,1.45285,4
"DSC_0874.JPG",1.16422,1.52208,1.88635,1.95929,1.71752,1.45583,1.4903,1.56921,1.4551,4
"DSC_0843.JPG",1.01325,1.41617,1.79545,1.91676,1.80325,1.52357,1.40932,1.48864,1.11193,4
"DSC_0840.JPG",1.33324,1.37475,1.30153,1.43785,1.54224,1.79444,2.08867,2.33977,2.06518,0
"DSC_0921.JPG",0.750041,1.5181,1.77182,1.84975,1.92718,2.02085,2.18734,1.88529,0.753619,0
"DSC_0833.JPG",0.88279,1.66793,1.99782,2.14219,1.97841,1.79054,1.54522,1.9596,2.091,0
"DSC_0670.JPG",0.373053,1.88123,2.51941,2.78553,2.85179,2.7034,2.29703,1.86053,1.59069,2
"DSC_0832.JPG",1.87073,2.18053,2.31586,2.34403,2.22779,2.26427,2.06667,0.952671,1.05048,1
"DSC_0881.JPG",1.04827,1.2917,1.45709,1.53817,1.57098,1.58982,1.63372,1.61729,1.47894,4
"DSC_0890.JPG",0.671203,0.980937,1.21136,1.16835,1.19315,1.31542,1.42841,1.52042,1.4884,4
"DSC_0919.JPG",0.858272,1.1605,1.81519,2.181,2.34663,2.45424,2.3938,2.22827,1.91579,3
"DSC_0910.JPG",0.732871,1.10578,1.33134,1.34075,1.39083,1.56111,1.77385,1.8896,1.64513,0
"DSC_0873.JPG",1.84153,1.94857,1.95705,1.69852,1.04356,1.2096,1.56297,1.41713,0.946797,4
"DSC_1044.JPG",0.757964,1.14091,1.09646,1.64257,2.14155,2.32592,2.35995,2.22414,1.81744,0
"DSC_0682.JPG",0.951015,1.4989,1.72247,1.78685,1.83925,2.04842,2.15158,1.97939,1.34634,0
"DSC_0671.JPG",1.3737,2.33467,2.8228,3.1546,3.26763,2.87174,1.80587,1.21602,1.15956,2
"DSC_0687.JPG",0.471087,1.22973,1.40025,1.54692,1.75562,1.886,1.74878,1.69361,1.71988,0
"DSC_0663.JPG",1.24167,1.79503,2.09216,2.42085,2.42937,2.01313,0.93286,0.889007,1.11417,1
"DSC_0684.JPG",0.702039,1.44961,1.34956,1.69155,1.87503,2.05969,2.29277,2.14233,1.74706,0
"DSC_0676.JPG",1.07046,1.66209,1.95735,2.25876,2.37615,2.39656,2.46105,2.56403,2.11357,3
"DSC_0065.JPG",1.18439,1.83437,2.28062,2.50211,2.49345,2.21882,1.64545,1.32961,1.07052,1
"DSC_0655.JPG",0.455735,1.70155,2.39554,2.66179,2.84813,3.14531,3.37511,3.03374,1.85346,3
"DSC_0060.JPG",1.27804,1.50754,1.80332,1.77602,1.26414,1.32723,1.62017,1.61889,1.1819,4
"DSC_0765.JPG",1.00284,1.40325,1.60789,1.74315,1.86267,1.9811,2.07505,2.05469,1.71273,0
"DSC_0707.JPG",0.721159,1.47163,1.81502,1.95861,2.06679,2.20296,2.4191,2.2101,1.39144,3
